match_id,tournament_year,host_country,match_date,stage,group,match_number_in_tournament,team1,team2,confederation_team1,confederation_team2,fifa_rank_team1,fifa_rank_team2,goals_team1,goals_team2,extra_time,goals_team1_after_et,goals_team2_after_et,penalty_shootout,penalty_score_team1,penalty_score_team2,result_for_team1,venue,city,attendance,temperature_celsius,weather_condition,possession_team1_pct,possession_team2_pct,shots_team1,shots_team2,shots_on_target_team1,shots_on_target_team2,corners_team1,corners_team2,fouls_team1,fouls_team2,yellow_cards_team1,yellow_cards_team2,red_cards_team1,red_cards_team2,offsides_team1,offsides_team2,passes_team1,passes_team2,pass_accuracy_team1_pct,pass_accuracy_team2_pct,referee_name,referee_nationality,total_goals,goal_difference,both_teams_scored,upset
WC2010_001,2010,South Africa,2010-06-11,Group Stage,A,1,Portugal,Colombia,UEFA,CONMEBOL,5,12,2,0,False,,,False,,,Win,Ellis Park Stadium,Ellis Park,92633,21.1,Windy,46.3,53.7,12,7,9,1,5,3,10,12,1,1,0,0,1,3,323,344,87.4,78.2,Damir Skomina,Slovenia,2,2,0,0
WC2010_002,2010,South Africa,2010-06-12,Group Stage,A,2,Portugal,England,UEFA,UEFA,3,9,1,1,False,,,False,,,Draw,Nelson Mandela Bay,Nelson Mandela Bay,82650,21.9,Clear,40.4,59.6,10,14,2,4,5,1,10,14,3,0,0,0,3,1,215,497,79.2,80.0,Nicola Rizzoli,Italy,2,0,1,0
WC2010_003,2010,South Africa,2010-06-13,Group Stage,A,3,Portugal,Colombia,UEFA,CONMEBOL,5,15,0,2,False,,,False,,,Loss,FNB Stadium,FNB,79722,13.3,Hot & Sunny,42.7,57.3,7,13,5,6,2,2,14,14,2,1,0,0,3,2,354,417,95.0,85.3,Wilmar Roldan,Colombia,2,2,0,0
WC2010_004,2010,South Africa,2010-06-14,Group Stage,A,4,Nigeria,Portugal,CAF,UEFA,24,4,4,2,False,,,False,,,Win,Nelson Mandela Bay,Nelson Mandela Bay,85005,14.6,Clear,55.7,44.3,22,10,4,4,6,8,6,12,0,5,0,0,4,2,532,360,85.8,73.1,Felix Brych,Germany,6,2,1,1
WC2010_005,2010,South Africa,2010-06-14,Group Stage,A,5,Portugal,Nigeria,UEFA,CAF,9,24,1,0,False,,,False,,,Win,Mbombela Stadium,Mbombela,82542,11.6,Partly Cloudy,63.2,36.8,9,6,8,1,4,5,10,14,2,2,0,0,4,4,474,302,88.2,78.7,Ismail Elfath,USA,1,1,0,0
WC2010_006,2010,South Africa,2010-06-15,Group Stage,A,6,England,Nigeria,UEFA,CAF,11,22,1,3,False,,,False,,,Loss,Loftus Versfeld,Loftus Versfeld,78086,21.4,Clear,58.5,41.5,7,16,2,7,3,5,7,14,1,1,0,0,3,3,450,331,77.2,81.7,Carlos Velasco Carballo,Spain,4,2,1,0
WC2010_007,2010,South Africa,2010-06-16,Group Stage,B,7,Denmark,Peru,UEFA,CONMEBOL,24,34,3,0,False,,,False,,,Win,Loftus Versfeld,Loftus Versfeld,76224,15.8,Light Rain,51.7,48.3,11,10,9,0,4,2,18,14,1,1,0,0,1,1,424,363,93.5,83.6,Cesar Ramos,Mexico,3,3,0,0
WC2010_008,2010,South Africa,2010-06-17,Group Stage,B,8,Ghana,Peru,CAF,CONMEBOL,29,32,1,1,False,,,False,,,Draw,Royal Bafokeng Stadium,Royal Bafokeng,52174,16.9,Partly Cloudy,70.0,30.0,12,12,5,3,8,3,11,17,2,5,0,0,4,3,697,234,73.4,82.3,Ismail Elfath,USA,2,0,1,0
WC2010_009,2010,South Africa,2010-06-17,Group Stage,B,9,Ghana,Japan,CAF,AFC,30,15,2,2,False,,,False,,,Draw,Mbombela Stadium,Mbombela,73949,12.3,Hot & Sunny,57.1,42.9,10,15,4,5,7,2,8,12,2,3,0,0,1,0,471,304,86.5,70.4,Nicola Rizzoli,Italy,4,0,1,0
WC2010_010,2010,South Africa,2010-06-18,Group Stage,B,10,Denmark,Ghana,UEFA,CAF,26,33,1,2,False,,,False,,,Loss,Moses Mabhida Stadium,Moses Mabhida,65838,13.9,Light Rain,62.6,37.4,12,10,6,4,8,6,14,14,1,1,0,0,1,2,472,313,87.3,75.5,Carlos Velasco Carballo,Spain,3,1,1,0
WC2010_011,2010,South Africa,2010-06-19,Group Stage,B,11,Japan,Denmark,AFC,UEFA,16,21,1,0,False,,,False,,,Win,Ellis Park Stadium,Ellis Park,86942,14.3,Hot & Sunny,60.4,39.6,12,7,1,3,3,4,12,10,0,0,0,0,3,2,487,258,81.7,85.0,Howard Webb,England,1,1,0,0
WC2010_012,2010,South Africa,2010-06-20,Group Stage,B,12,Ghana,Peru,CAF,CONMEBOL,33,35,2,2,False,,,False,,,Draw,FNB Stadium,FNB,75458,17.1,Windy,57.6,42.4,14,16,7,4,11,4,12,12,5,1,0,0,3,1,477,365,88.7,85.8,Carlos Velasco Carballo,Spain,4,0,1,0
WC2010_013,2010,South Africa,2010-06-20,Group Stage,C,13,Mexico,Sweden,CONCACAF,UEFA,14,23,3,2,False,,,False,,,Win,Cape Town Stadium,Cape Town,82972,17.5,Partly Cloudy,53.5,46.5,8,7,8,12,6,6,10,14,3,0,0,0,0,3,411,377,73.2,95.0,Wilmar Roldan,Colombia,5,1,1,0
WC2010_014,2010,South Africa,2010-06-21,Group Stage,C,14,Mexico,Australia,CONCACAF,AFC,14,25,2,2,False,,,False,,,Draw,Nelson Mandela Bay,Nelson Mandela Bay,63359,12.9,Hot & Sunny,53.9,46.1,8,9,7,3,3,1,17,15,2,2,1,0,2,1,417,328,77.5,87.6,Cüneyt Çakır,Turkey,4,0,1,0
WC2010_015,2010,South Africa,2010-06-22,Group Stage,C,15,Italy,Australia,UEFA,AFC,12,26,4,2,False,,,False,,,Win,Moses Mabhida Stadium,Moses Mabhida,80869,11.2,Partly Cloudy,57.6,42.4,15,16,7,7,2,5,8,10,2,3,0,0,0,1,474,332,76.3,88.0,Wilmar Roldan,Colombia,6,2,1,0
WC2010_016,2010,South Africa,2010-06-23,Group Stage,C,16,Mexico,Italy,CONCACAF,UEFA,12,13,0,2,False,,,False,,,Loss,Mbombela Stadium,Mbombela,84457,15.2,Light Rain,45.2,54.8,10,14,3,7,5,4,15,8,2,0,0,1,0,2,354,373,79.4,82.2,Abdulrahman Al-Jassim,Qatar,2,2,0,0
WC2010_017,2010,South Africa,2010-06-23,Group Stage,C,17,Mexico,Australia,CONCACAF,AFC,17,30,2,2,False,,,False,,,Draw,Peter Mokaba Stadium,Peter Mokaba,95000,16.5,Light Rain,60.2,39.8,12,19,5,6,5,5,8,14,5,0,0,0,2,1,515,333,78.1,81.4,Damir Skomina,Slovenia,4,0,1,0
WC2010_018,2010,South Africa,2010-06-24,Group Stage,C,18,Australia,Italy,AFC,UEFA,29,9,0,4,False,,,False,,,Loss,Moses Mabhida Stadium,Moses Mabhida,80228,24.3,Hot & Sunny,50.6,49.4,7,14,3,6,7,3,13,12,2,3,0,0,4,0,515,332,72.9,71.4,Felix Brych,Germany,4,4,0,0
WC2010_019,2010,South Africa,2010-06-25,Group Stage,D,19,Serbia,Croatia,UEFA,UEFA,29,6,0,1,False,,,False,,,Loss,Mbombela Stadium,Mbombela,81527,14.4,Clear,48.3,51.7,8,15,5,2,3,4,10,11,0,2,0,0,2,2,445,449,81.2,87.4,Abdulrahman Al-Jassim,Qatar,1,1,0,0
WC2010_020,2010,South Africa,2010-06-26,Group Stage,D,20,Morocco,Serbia,CAF,UEFA,23,26,1,1,False,,,False,,,Draw,Peter Mokaba Stadium,Peter Mokaba,90153,20.8,Overcast,51.4,48.6,12,10,4,1,5,4,14,15,1,3,0,0,1,5,423,498,91.3,85.0,Michael Oliver,England,2,0,1,0
WC2010_021,2010,South Africa,2010-06-26,Group Stage,D,21,Uruguay,Croatia,CONMEBOL,UEFA,15,7,3,1,False,,,False,,,Win,Peter Mokaba Stadium,Peter Mokaba,84469,13.2,Windy,37.6,62.4,13,12,6,5,7,6,6,13,2,1,0,0,1,0,333,546,87.4,73.9,Felix Brych,Germany,4,2,1,1
WC2010_022,2010,South Africa,2010-06-27,Group Stage,D,22,Croatia,Morocco,UEFA,CAF,9,22,1,2,False,,,False,,,Loss,Cape Town Stadium,Cape Town,83592,15.9,Overcast,30.3,69.7,12,12,2,2,2,6,8,12,1,3,0,0,2,1,192,645,90.0,67.9,Facundo Tello,Argentina,3,1,1,0
WC2010_023,2010,South Africa,2010-06-28,Group Stage,D,23,Morocco,Uruguay,CAF,CONMEBOL,20,9,3,1,False,,,False,,,Win,FNB Stadium,FNB,83925,13.9,Hot & Sunny,60.6,39.4,9,9,8,5,4,6,16,11,2,1,0,1,2,1,504,308,87.7,77.0,Michael Oliver,England,4,2,1,1
WC2010_024,2010,South Africa,2010-06-29,Group Stage,D,24,Croatia,Morocco,UEFA,CAF,8,22,0,3,False,,,False,,,Loss,Peter Mokaba Stadium,Peter Mokaba,80080,15.8,Clear,35.8,64.2,9,10,1,5,4,2,14,17,2,1,0,0,2,3,297,502,81.7,95.0,Clement Turpin,France,3,3,0,0
WC2010_025,2010,South Africa,2010-06-29,Group Stage,E,25,Iran,Spain,AFC,UEFA,25,-2,2,1,False,,,False,,,Win,Mbombela Stadium,Mbombela,79892,20.1,Partly Cloudy,46.0,54.0,15,9,2,2,7,8,17,14,2,0,0,0,2,3,349,409,71.9,70.4,Mark Geiger,USA,3,1,1,1
WC2010_026,2010,South Africa,2010-06-30,Group Stage,E,26,Belgium,Spain,UEFA,UEFA,5,-2,3,2,False,,,False,,,Win,Peter Mokaba Stadium,Peter Mokaba,82889,15.7,Windy,57.1,42.9,17,9,3,3,8,6,11,9,1,2,0,1,1,2,507,313,81.5,83.7,Clement Turpin,France,5,1,1,1
WC2010_027,2010,South Africa,2010-07-01,Group Stage,E,27,Costa Rica,Iran,CONCACAF,AFC,27,26,1,1,False,,,False,,,Draw,Free State Stadium,Free State,77932,21.7,Clear,68.8,31.2,12,9,7,2,3,6,19,15,1,1,0,0,1,1,575,223,78.5,77.2,Facundo Tello,Argentina,2,0,1,0
WC2010_028,2010,South Africa,2010-07-02,Group Stage,E,28,Costa Rica,Belgium,CONCACAF,UEFA,29,6,1,0,False,,,False,,,Win,Ellis Park Stadium,Ellis Park,69140,16.9,Clear,41.0,59.0,12,4,4,5,6,7,12,7,1,2,0,0,4,3,282,422,82.9,82.8,Danny Makkelie,Netherlands,1,1,0,1
WC2010_029,2010,South Africa,2010-07-02,Group Stage,E,29,Belgium,Iran,UEFA,AFC,9,24,0,1,False,,,False,,,Loss,Cape Town Stadium,Cape Town,72614,20.0,Hot & Sunny,40.3,59.7,5,12,5,2,4,3,13,10,0,3,0,0,4,1,253,509,87.2,75.8,Nicola Rizzoli,Italy,1,1,0,0
WC2010_030,2010,South Africa,2010-07-03,Group Stage,E,30,Spain,Costa Rica,UEFA,CONCACAF,3,30,1,2,False,,,False,,,Loss,Moses Mabhida Stadium,Moses Mabhida,71036,17.6,Partly Cloudy,47.8,52.2,12,11,5,4,6,3,8,14,2,1,1,0,4,1,368,423,87.3,81.4,Howard Webb,England,3,1,1,0
WC2010_031,2010,South Africa,2010-07-04,Group Stage,F,31,Brazil,Senegal,CONMEBOL,CAF,6,19,3,3,False,,,False,,,Draw,Loftus Versfeld,Loftus Versfeld,89075,14.8,Humid,52.4,47.6,14,11,4,6,9,6,11,11,2,0,0,0,1,4,398,386,83.6,67.2,Clement Turpin,France,6,0,1,0
WC2010_032,2010,South Africa,2010-07-05,Group Stage,F,32,Brazil,Germany,CONMEBOL,UEFA,2,1,0,2,False,,,False,,,Loss,Ellis Park Stadium,Ellis Park,67141,14.4,Hot & Sunny,49.6,50.4,9,14,5,6,3,7,12,12,1,1,1,0,2,3,413,485,83.1,79.2,Howard Webb,England,2,2,0,0
WC2010_033,2010,South Africa,2010-07-05,Group Stage,F,33,Senegal,Chile,CAF,CONMEBOL,22,13,3,3,False,,,False,,,Draw,Free State Stadium,Free State,71814,14.8,Humid,43.1,56.9,10,16,7,3,6,0,12,14,2,3,0,0,2,1,313,474,78.7,86.4,Ismail Elfath,USA,6,0,1,0
WC2010_034,2010,South Africa,2010-07-06,Group Stage,F,34,Brazil,Germany,CONMEBOL,UEFA,6,-1,2,0,False,,,False,,,Win,Ellis Park Stadium,Ellis Park,76748,12.5,Clear,53.2,46.8,15,11,6,2,5,6,9,7,2,2,0,0,3,2,390,355,84.8,83.1,Carlos Velasco Carballo,Spain,2,2,0,1
WC2010_035,2010,South Africa,2010-07-07,Group Stage,F,35,Senegal,Germany,CAF,UEFA,19,0,2,5,False,,,False,,,Loss,Ellis Park Stadium,Ellis Park,85383,17.3,Humid,65.7,34.3,12,16,4,8,5,5,12,13,1,0,0,0,1,5,641,337,86.1,95.0,Howard Webb,England,7,3,1,0
WC2010_036,2010,South Africa,2010-07-08,Group Stage,F,36,Chile,Germany,CONMEBOL,UEFA,14,0,1,4,False,,,False,,,Loss,FNB Stadium,FNB,86146,23.8,Partly Cloudy,53.0,47.0,17,18,4,4,5,2,11,15,1,3,0,0,1,7,380,437,76.1,93.1,Nicola Rizzoli,Italy,5,3,1,0
WC2010_037,2010,South Africa,2010-07-08,Group Stage,G,37,South Korea,Argentina,AFC,CONMEBOL,20,5,2,1,False,,,False,,,Win,Cape Town Stadium,Cape Town,95000,12.1,Humid,44.6,55.4,17,8,4,2,6,5,12,4,1,2,0,0,3,1,396,484,89.4,78.6,Facundo Tello,Argentina,3,1,1,1
WC2010_038,2010,South Africa,2010-07-09,Group Stage,G,38,Tunisia,Argentina,CAF,CONMEBOL,41,2,0,0,False,,,False,,,Draw,Ellis Park Stadium,Ellis Park,87959,17.3,Humid,64.5,35.5,8,8,2,2,4,3,11,10,4,1,0,1,3,1,557,244,87.2,90.0,Cüneyt Çakır,Turkey,0,0,0,0
WC2010_039,2010,South Africa,2010-07-10,Group Stage,G,39,Tunisia,Switzerland,CAF,UEFA,42,25,0,3,False,,,False,,,Loss,Ellis Park Stadium,Ellis Park,61337,23.4,Windy,47.6,52.4,8,13,7,5,5,2,13,12,3,2,0,1,4,1,399,421,72.6,83.7,Cüneyt Çakır,Turkey,3,3,0,0
WC2010_040,2010,South Africa,2010-07-11,Group Stage,G,40,Argentina,Tunisia,CONMEBOL,CAF,3,41,2,2,False,,,False,,,Draw,Cape Town Stadium,Cape Town,88061,10.0,Clear,70.0,30.0,16,16,4,3,3,4,13,10,1,0,0,0,2,3,491,183,85.2,72.6,Ravshan Irmatov,Uzbekistan,4,0,1,0
WC2010_041,2010,South Africa,2010-07-11,Group Stage,G,41,Argentina,Tunisia,CONMEBOL,CAF,6,39,1,1,False,,,False,,,Draw,Nelson Mandela Bay,Nelson Mandela Bay,76636,23.5,Light Rain,60.2,39.8,13,12,4,3,4,3,17,12,1,2,0,0,0,2,453,359,92.1,82.7,Abdulrahman Al-Jassim,Qatar,2,0,1,0
WC2010_042,2010,South Africa,2010-07-12,Group Stage,G,42,South Korea,Switzerland,AFC,UEFA,16,19,0,0,False,,,False,,,Draw,FNB Stadium,FNB,87806,21.7,Light Rain,39.9,60.1,9,6,3,0,2,6,9,14,0,0,0,0,4,2,423,413,92.2,89.0,Felix Brych,Germany,0,0,0,0
WC2010_043,2010,South Africa,2010-07-13,Group Stage,H,43,Netherlands,Poland,UEFA,UEFA,6,22,0,3,False,,,False,,,Loss,Ellis Park Stadium,Ellis Park,86787,9.0,Partly Cloudy,46.1,53.9,4,16,3,12,4,1,10,9,3,0,0,0,2,0,452,419,76.1,77.4,Carlos Velasco Carballo,Spain,3,3,0,0
WC2010_044,2010,South Africa,2010-07-14,Group Stage,H,44,USA,Poland,CONCACAF,UEFA,19,23,2,1,False,,,False,,,Win,Moses Mabhida Stadium,Moses Mabhida,81374,20.2,Overcast,42.4,57.6,8,14,8,1,5,2,15,10,0,1,0,0,1,3,296,446,81.7,81.1,Abdulrahman Al-Jassim,Qatar,3,1,1,0
WC2010_045,2010,South Africa,2010-07-14,Group Stage,H,45,USA,Poland,CONCACAF,UEFA,15,24,1,3,False,,,False,,,Loss,Free State Stadium,Free State,93212,25.5,Windy,37.9,62.1,7,13,6,5,7,6,13,14,2,2,1,0,3,2,288,507,83.2,81.3,Nicola Rizzoli,Italy,4,2,1,0
WC2010_046,2010,South Africa,2010-07-15,Group Stage,H,46,Poland,USA,UEFA,CONCACAF,27,19,4,1,False,,,False,,,Win,FNB Stadium,FNB,93094,14.0,Clear,52.1,47.9,13,10,7,4,4,1,11,10,1,1,1,0,1,3,422,378,84.2,81.7,Howard Webb,England,5,3,1,1
WC2010_047,2010,South Africa,2010-07-16,Group Stage,H,47,France,Poland,UEFA,UEFA,5,22,2,2,False,,,False,,,Draw,Free State Stadium,Free State,94741,20.3,Light Rain,51.9,48.1,12,12,4,6,6,9,12,19,2,5,0,0,4,2,453,432,91.6,86.3,Abdulrahman Al-Jassim,Qatar,4,0,1,0
WC2010_048,2010,South Africa,2010-07-17,Group Stage,H,48,France,USA,UEFA,CONCACAF,7,14,2,4,False,,,False,,,Loss,Moses Mabhida Stadium,Moses Mabhida,76573,9.8,Light Rain,62.4,37.6,10,19,4,6,8,3,8,14,0,0,0,0,3,0,500,309,72.3,80.5,Bjorn Kuipers,Netherlands,6,2,1,0
WC2010_049,2010,South Africa,2010-07-17,Round of 16,N/A,49,England,Serbia,UEFA,UEFA,8,29,1,1,True,3.0,2.0,True,,,Win,Loftus Versfeld,Loftus Versfeld,88854,17.5,Light Rain,57.6,42.4,4,11,3,2,6,7,14,16,2,0,0,0,4,2,378,357,83.3,83.9,Michael Oliver,England,2,0,1,0
WC2010_050,2010,South Africa,2010-07-18,Round of 16,N/A,50,USA,Peru,CONCACAF,CONMEBOL,17,31,0,0,True,0.0,0.0,True,5.0,4.0,Win,FNB Stadium,FNB,80239,18.8,Clear,53.5,46.5,4,10,1,5,5,5,12,9,0,2,0,0,2,2,393,285,93.2,79.5,Facundo Tello,Argentina,0,0,0,0
WC2010_051,2010,South Africa,2010-07-19,Round of 16,N/A,51,Netherlands,Costa Rica,UEFA,CONCACAF,7,26,3,5,False,,,False,,,Loss,Moses Mabhida Stadium,Moses Mabhida,81618,24.5,Clear,54.4,45.6,18,18,5,8,6,2,8,23,0,3,0,0,3,0,424,330,89.3,93.6,Mark Geiger,USA,8,2,1,0
WC2010_052,2010,South Africa,2010-07-20,Round of 16,N/A,52,Denmark,Poland,UEFA,UEFA,20,22,1,1,True,1.0,1.0,True,4.0,2.0,Win,Mbombela Stadium,Mbombela,95000,23.2,Partly Cloudy,50.5,49.5,13,9,5,4,2,2,12,12,0,1,0,0,0,1,447,412,78.9,84.5,Felix Brych,Germany,2,0,1,0
WC2010_053,2010,South Africa,2010-07-20,Round of 16,N/A,53,Portugal,Germany,UEFA,UEFA,6,4,0,2,False,,,False,,,Loss,Nelson Mandela Bay,Nelson Mandela Bay,77065,24.0,Hot & Sunny,66.8,33.2,7,6,0,7,5,6,8,11,1,1,0,0,0,5,456,285,84.6,77.1,Nicola Rizzoli,Italy,2,2,0,0
WC2010_054,2010,South Africa,2010-07-21,Round of 16,N/A,54,Germany,Netherlands,UEFA,UEFA,5,5,1,3,False,,,False,,,Loss,Ellis Park Stadium,Ellis Park,66651,22.2,Hot & Sunny,44.1,55.9,10,6,4,8,5,5,9,10,1,5,0,0,2,5,257,496,71.1,92.5,Wilmar Roldan,Colombia,4,2,1,0
WC2010_055,2010,South Africa,2010-07-22,Round of 16,N/A,55,Germany,Japan,UEFA,AFC,1,14,2,1,False,,,False,,,Win,Nelson Mandela Bay,Nelson Mandela Bay,93856,20.8,Partly Cloudy,58.7,41.3,10,14,6,2,5,4,11,11,2,0,0,0,2,3,514,372,90.6,73.8,Wilmar Roldan,Colombia,3,1,1,0
WC2010_056,2010,South Africa,2010-07-23,Round of 16,N/A,56,Spain,Croatia,UEFA,UEFA,4,10,3,1,False,,,False,,,Win,Cape Town Stadium,Cape Town,78293,21.8,Clear,43.8,56.2,17,8,5,7,4,3,12,12,0,4,0,0,1,1,374,403,81.3,78.6,Facundo Tello,Argentina,4,2,1,0
WC2010_057,2010,South Africa,2010-07-23,Quarter-final,N/A,57,France,Spain,UEFA,UEFA,5,-2,2,0,False,,,False,,,Win,Cape Town Stadium,Cape Town,86725,18.8,Humid,49.4,50.6,9,7,3,1,6,4,4,4,3,4,0,0,2,3,445,413,85.8,82.5,Felix Brych,Germany,2,2,0,1
WC2010_058,2010,South Africa,2010-07-24,Quarter-final,N/A,58,Serbia,Belgium,UEFA,UEFA,27,10,2,1,False,,,False,,,Win,Moses Mabhida Stadium,Moses Mabhida,87822,9.6,Overcast,30.0,70.0,15,12,5,4,5,6,11,13,1,1,0,1,1,2,222,477,80.6,95.0,Wilmar Roldan,Colombia,3,1,1,1
WC2010_059,2010,South Africa,2010-07-25,Quarter-final,N/A,59,Peru,France,CONMEBOL,UEFA,32,6,2,4,False,,,False,,,Loss,Royal Bafokeng Stadium,Royal Bafokeng,71107,17.9,Overcast,70.0,30.0,16,14,4,7,4,6,13,10,1,1,0,0,0,2,653,275,81.2,89.0,Carlos Velasco Carballo,Spain,6,2,1,0
WC2010_060,2010,South Africa,2010-07-26,Quarter-final,N/A,60,Mexico,Morocco,CONCACAF,CAF,14,17,0,2,False,,,False,,,Loss,Loftus Versfeld,Loftus Versfeld,69203,16.3,Humid,53.2,46.8,10,14,5,4,5,4,19,16,4,0,0,0,3,2,445,389,90.3,73.2,Howard Webb,England,2,2,0,0
WC2010_061,2010,South Africa,2010-07-26,Semi-final,N/A,61,England,Senegal,UEFA,CAF,7,20,1,2,False,,,False,,,Loss,Loftus Versfeld,Loftus Versfeld,80728,25.2,Hot & Sunny,53.0,47.0,5,13,3,7,3,7,9,12,1,3,0,0,4,0,450,426,73.6,65.8,Howard Webb,England,3,1,1,0
WC2010_062,2010,South Africa,2010-07-27,Semi-final,N/A,62,Ghana,USA,CAF,CONCACAF,28,17,0,5,False,,,False,,,Loss,Loftus Versfeld,Loftus Versfeld,71715,22.4,Clear,58.0,42.0,8,17,4,7,3,6,16,10,1,1,0,0,4,0,411,251,83.8,93.8,Damir Skomina,Slovenia,5,5,0,0
WC2010_063,2010,South Africa,2010-07-28,Third Place,N/A,63,Germany,Uruguay,UEFA,CONMEBOL,4,9,0,1,False,,,False,,,Loss,Moses Mabhida Stadium,Moses Mabhida,77423,17.0,Overcast,51.9,48.1,14,20,5,4,5,4,13,14,4,2,0,0,0,1,346,366,77.0,81.0,Howard Webb,England,1,1,0,0
WC2010_064,2010,South Africa,2010-07-29,Final,N/A,64,Spain,Netherlands,UEFA,UEFA,-2,11,0,2,False,,,False,,,Loss,Royal Bafokeng Stadium,Royal Bafokeng,82556,24.6,Partly Cloudy,51.3,48.7,16,11,3,8,5,7,9,7,0,2,0,0,0,0,459,386,95.0,83.6,Ravshan Irmatov,Uzbekistan,2,2,0,0
WC2014_065,2014,Brazil,2014-06-12,Group Stage,A,1,England,Iran,UEFA,AFC,12,27,2,5,False,,,False,,,Loss,Arena Pernambuco,Arena Pernambuco,74996,25.3,Partly Cloudy,59.8,40.2,14,17,8,10,4,3,6,14,1,3,0,0,2,4,393,325,78.3,85.5,Bjorn Kuipers,Netherlands,7,3,1,0
WC2014_066,2014,Brazil,2014-06-13,Group Stage,A,2,Iran,England,AFC,UEFA,27,9,1,3,False,,,False,,,Loss,Arena Pernambuco,Arena Pernambuco,65144,20.2,Windy,45.0,55.0,5,13,3,4,3,2,11,15,0,0,0,0,2,4,431,484,88.0,72.1,Felix Brych,Germany,4,2,1,0
WC2014_067,2014,Brazil,2014-06-14,Group Stage,A,3,Argentina,England,CONMEBOL,UEFA,3,12,1,0,False,,,False,,,Win,Arena Castelão,Arena Castelão,64165,23.3,Windy,51.6,48.4,8,5,1,3,4,7,14,19,1,2,0,0,4,2,457,391,90.0,79.3,Damir Skomina,Slovenia,1,1,0,0
WC2014_068,2014,Brazil,2014-06-15,Group Stage,A,4,Iran,Netherlands,AFC,UEFA,26,7,4,3,False,,,False,,,Win,Estádio do Maracanã,Estádio do Maracanã,74168,34.8,Partly Cloudy,47.0,53.0,20,13,7,5,4,6,16,8,1,1,0,0,2,1,376,449,80.1,69.1,Abdulrahman Al-Jassim,Qatar,7,1,1,1
WC2014_069,2014,Brazil,2014-06-15,Group Stage,A,5,England,Iran,UEFA,AFC,12,27,2,4,False,,,False,,,Loss,Arena de Baixada,Arena de Baixada,67226,22.8,Partly Cloudy,52.9,47.1,10,13,7,4,9,7,10,12,2,0,0,0,3,2,425,403,95.0,78.6,Carlos Velasco Carballo,Spain,6,2,1,0
WC2014_070,2014,Brazil,2014-06-16,Group Stage,A,6,Netherlands,Iran,UEFA,AFC,6,27,3,1,False,,,False,,,Win,Arena Pantanal,Arena Pantanal,76480,34.3,Partly Cloudy,57.1,42.9,18,6,6,4,7,5,13,14,1,1,0,0,2,1,576,278,90.1,88.8,Bjorn Kuipers,Netherlands,4,2,1,0
WC2014_071,2014,Brazil,2014-06-17,Group Stage,B,7,Belgium,South Korea,UEFA,AFC,9,20,0,1,False,,,False,,,Loss,Arena de Baixada,Arena de Baixada,60467,31.1,Windy,44.6,55.4,3,14,4,5,5,7,8,10,1,2,0,0,1,3,371,569,68.2,81.4,Ismail Elfath,USA,1,1,0,0
WC2014_072,2014,Brazil,2014-06-18,Group Stage,B,8,Belgium,Uruguay,UEFA,CONMEBOL,9,9,0,4,False,,,False,,,Loss,Arena Castelão,Arena Castelão,60794,23.6,Light Rain,45.6,54.4,8,16,5,7,8,1,12,11,1,2,0,0,3,0,359,481,81.2,79.3,Nestor Pitana,Argentina,4,4,0,0
WC2014_073,2014,Brazil,2014-06-18,Group Stage,B,9,Morocco,Belgium,CAF,UEFA,21,5,1,0,False,,,False,,,Win,Arena de Baixada,Arena de Baixada,75297,29.1,Overcast,49.9,50.1,8,14,3,3,5,10,10,11,2,0,1,0,3,1,453,365,83.4,78.1,Nicola Rizzoli,Italy,1,1,0,1
WC2014_074,2014,Brazil,2014-06-19,Group Stage,B,10,South Korea,Morocco,AFC,CAF,16,23,3,1,False,,,False,,,Win,Arena Pernambuco,Arena Pernambuco,66375,32.1,Clear,49.9,50.1,14,10,4,2,3,5,8,10,1,0,1,0,0,2,363,366,85.0,62.6,Howard Webb,England,4,2,1,0
WC2014_075,2014,Brazil,2014-06-20,Group Stage,B,11,Uruguay,Belgium,CONMEBOL,UEFA,13,5,2,2,False,,,False,,,Draw,Estádio Beira-Rio,Estádio Beira-Rio,66081,26.4,Overcast,39.3,60.7,9,12,6,3,5,5,17,5,2,0,0,0,1,3,257,375,95.0,82.9,Clement Turpin,France,4,0,1,0
WC2014_076,2014,Brazil,2014-06-21,Group Stage,B,12,Uruguay,South Korea,CONMEBOL,AFC,14,20,3,0,False,,,False,,,Win,Arena Pernambuco,Arena Pernambuco,51455,27.5,Hot & Sunny,57.3,42.7,18,7,4,1,4,7,7,14,3,2,0,0,0,1,473,364,61.7,84.6,Abdulrahman Al-Jassim,Qatar,3,3,0,0
WC2014_077,2014,Brazil,2014-06-21,Group Stage,C,13,Australia,Japan,AFC,AFC,28,16,4,2,False,,,False,,,Win,Arena de São Paulo,Arena de São Paulo,62997,32.8,Light Rain,42.5,57.5,16,15,4,5,6,3,6,14,0,2,0,0,2,2,336,464,78.1,82.2,Mark Geiger,USA,6,2,1,1
WC2014_078,2014,Brazil,2014-06-22,Group Stage,C,14,Japan,Colombia,AFC,CONMEBOL,20,12,2,3,False,,,False,,,Loss,Estádio Nacional Mané Garrincha,Estádio Nacional Mané Garrincha,71952,18.6,Clear,54.6,45.4,14,10,3,3,4,4,7,10,1,1,0,0,2,0,460,368,84.0,86.2,Bjorn Kuipers,Netherlands,5,1,1,0
WC2014_079,2014,Brazil,2014-06-23,Group Stage,C,15,Japan,Colombia,AFC,CONMEBOL,18,13,1,5,False,,,False,,,Loss,Arena de São Paulo,Arena de São Paulo,73628,10.6,Hot & Sunny,49.7,50.3,11,16,4,9,4,3,12,18,2,2,0,0,2,3,428,388,80.9,80.7,Abdulrahman Al-Jassim,Qatar,6,4,1,0
WC2014_080,2014,Brazil,2014-06-24,Group Stage,C,16,Australia,Colombia,AFC,CONMEBOL,27,13,1,0,False,,,False,,,Win,Arena de São Paulo,Arena de São Paulo,58322,28.2,Hot & Sunny,42.9,57.1,9,6,2,4,7,2,15,7,3,1,0,0,5,2,317,398,72.6,85.0,Facundo Tello,Argentina,1,1,0,1
WC2014_081,2014,Brazil,2014-06-24,Group Stage,C,17,Australia,Colombia,AFC,CONMEBOL,28,10,3,4,False,,,False,,,Loss,Estádio Nacional Mané Garrincha,Estádio Nacional Mané Garrincha,66212,25.5,Overcast,59.8,40.2,14,14,5,6,3,0,12,8,2,0,0,1,1,5,452,317,83.7,86.1,Danny Makkelie,Netherlands,7,1,1,0
WC2014_082,2014,Brazil,2014-06-25,Group Stage,C,18,Colombia,Australia,CONMEBOL,AFC,12,30,4,0,False,,,False,,,Win,Arena da Amazônia,Arena da Amazônia,56950,22.7,Partly Cloudy,43.2,56.8,18,6,8,3,2,2,7,13,4,2,0,0,4,2,408,427,84.0,86.9,Danny Makkelie,Netherlands,4,4,0,0
WC2014_083,2014,Brazil,2014-06-26,Group Stage,D,19,Switzerland,Sweden,UEFA,UEFA,20,22,3,0,False,,,False,,,Win,Estádio Mineirão,Estádio Mineirão,82383,30.9,Humid,68.4,31.6,18,8,4,1,5,8,7,13,0,2,0,0,3,1,565,264,87.8,86.6,Cesar Ramos,Mexico,3,3,0,0
WC2014_084,2014,Brazil,2014-06-27,Group Stage,D,20,Senegal,Switzerland,CAF,UEFA,20,25,2,0,False,,,False,,,Win,Estádio do Maracanã,Estádio do Maracanã,51132,27.4,Overcast,50.3,49.7,16,4,5,4,3,6,6,15,1,3,0,0,3,4,386,351,77.4,86.3,Howard Webb,England,2,2,0,0
WC2014_085,2014,Brazil,2014-06-27,Group Stage,D,21,Senegal,Denmark,CAF,UEFA,17,24,1,0,False,,,False,,,Win,Estádio Beira-Rio,Estádio Beira-Rio,73271,31.5,Humid,48.3,51.7,7,7,5,0,3,4,11,15,3,0,0,1,2,0,396,390,80.6,84.6,Abdulrahman Al-Jassim,Qatar,1,1,0,0
WC2014_086,2014,Brazil,2014-06-28,Group Stage,D,22,Senegal,Switzerland,CAF,UEFA,21,22,1,2,False,,,False,,,Loss,Arena Pantanal,Arena Pantanal,62353,27.7,Hot & Sunny,56.6,43.4,12,13,6,7,5,3,11,10,2,0,0,0,2,4,430,382,78.2,77.3,Michael Oliver,England,3,1,1,0
WC2014_087,2014,Brazil,2014-06-29,Group Stage,D,23,Switzerland,Senegal,UEFA,CAF,22,18,1,0,False,,,False,,,Win,Estádio Mineirão,Estádio Mineirão,67888,28.8,Hot & Sunny,53.0,47.0,11,9,4,1,4,9,8,19,1,1,0,0,2,0,343,365,80.6,85.8,Cüneyt Çakır,Turkey,1,1,0,1
WC2014_088,2014,Brazil,2014-06-30,Group Stage,D,24,Denmark,Switzerland,UEFA,UEFA,23,19,2,2,False,,,False,,,Draw,Estádio Beira-Rio,Estádio Beira-Rio,50475,33.1,Overcast,42.2,57.8,15,12,3,3,5,6,11,10,0,0,0,0,0,0,235,387,86.5,87.6,Mark Geiger,USA,4,0,1,0
WC2014_089,2014,Brazil,2014-06-30,Group Stage,E,25,Mexico,France,CONCACAF,UEFA,18,4,5,2,False,,,False,,,Win,Arena Castelão,Arena Castelão,65227,30.8,Windy,42.0,58.0,21,11,7,3,8,6,12,12,2,0,0,0,0,4,384,470,95.0,80.4,Danny Makkelie,Netherlands,7,3,1,1
WC2014_090,2014,Brazil,2014-07-01,Group Stage,E,26,Portugal,Mexico,UEFA,CONCACAF,9,17,2,2,False,,,False,,,Draw,Estádio do Maracanã,Estádio do Maracanã,58195,30.8,Partly Cloudy,64.1,35.9,14,9,4,8,4,3,10,12,1,0,0,0,1,2,546,283,72.4,88.8,Nestor Pitana,Argentina,4,0,1,0
WC2014_091,2014,Brazil,2014-07-02,Group Stage,E,27,France,Poland,UEFA,UEFA,2,26,0,0,False,,,False,,,Draw,Arena Pantanal,Arena Pantanal,70882,28.5,Light Rain,35.9,64.1,5,6,2,7,5,3,13,11,1,0,1,0,1,3,249,490,73.4,88.7,Nicola Rizzoli,Italy,0,0,0,0
WC2014_092,2014,Brazil,2014-07-03,Group Stage,E,28,Portugal,Poland,UEFA,UEFA,7,24,1,2,False,,,False,,,Loss,Arena Pantanal,Arena Pantanal,51020,32.0,Light Rain,36.0,64.0,9,9,3,6,6,1,10,14,1,0,0,0,3,1,248,437,85.2,88.9,Cesar Ramos,Mexico,3,1,1,0
WC2014_093,2014,Brazil,2014-07-03,Group Stage,E,29,Portugal,Mexico,UEFA,CONCACAF,5,18,1,2,False,,,False,,,Loss,Arena de São Paulo,Arena de São Paulo,58787,22.3,Windy,51.4,48.6,12,12,5,6,7,6,13,12,2,3,0,0,2,0,419,425,82.3,65.3,Nestor Pitana,Argentina,3,1,1,0
WC2014_094,2014,Brazil,2014-07-04,Group Stage,E,30,France,Mexico,UEFA,CONCACAF,3,13,1,1,False,,,False,,,Draw,Arena da Amazônia,Arena da Amazônia,60486,33.3,Light Rain,48.7,51.3,10,10,6,2,6,6,6,11,1,0,0,0,1,2,310,391,86.0,74.8,Clement Turpin,France,2,0,1,0
WC2014_095,2014,Brazil,2014-07-05,Group Stage,F,31,Italy,South Africa,UEFA,CAF,10,39,3,0,False,,,False,,,Win,Arena de São Paulo,Arena de São Paulo,65597,28.4,Light Rain,55.4,44.6,10,8,7,3,5,4,11,7,2,3,0,1,4,2,444,305,78.7,89.2,Carlos Velasco Carballo,Spain,3,3,0,0
WC2014_096,2014,Brazil,2014-07-06,Group Stage,F,32,Spain,Peru,UEFA,CONMEBOL,2,33,2,1,False,,,False,,,Win,Arena da Amazônia,Arena da Amazônia,69983,27.6,Humid,50.3,49.7,12,7,6,2,8,2,10,7,2,1,0,0,1,1,304,353,68.5,83.1,Mark Geiger,USA,3,1,1,0
WC2014_097,2014,Brazil,2014-07-06,Group Stage,F,33,South Africa,Spain,CAF,UEFA,44,3,0,3,False,,,False,,,Loss,Estádio Nacional Mané Garrincha,Estádio Nacional Mané Garrincha,75272,27.4,Windy,62.0,38.0,5,11,1,5,6,8,9,13,5,1,0,0,5,2,506,312,75.7,85.7,Mark Geiger,USA,3,3,0,0
WC2014_098,2014,Brazil,2014-07-07,Group Stage,F,34,Peru,Italy,CONMEBOL,UEFA,34,10,0,1,False,,,False,,,Loss,Arena Pantanal,Arena Pantanal,48090,35.1,Overcast,58.7,41.3,9,9,3,4,3,9,18,13,6,2,0,0,3,2,408,374,72.1,78.9,Cüneyt Çakır,Turkey,1,1,0,0
WC2014_099,2014,Brazil,2014-07-08,Group Stage,F,35,Spain,South Africa,UEFA,CAF,2,39,1,4,False,,,False,,,Loss,Arena da Amazônia,Arena da Amazônia,71115,22.5,Light Rain,58.2,41.8,6,18,4,6,4,5,8,14,6,2,0,0,4,1,475,374,85.6,85.6,Wilmar Roldan,Colombia,5,3,1,0
WC2014_100,2014,Brazil,2014-07-09,Group Stage,F,36,Spain,Peru,UEFA,CONMEBOL,-1,36,1,3,False,,,False,,,Loss,Arena de São Paulo,Arena de São Paulo,65312,21.9,Hot & Sunny,66.8,33.2,7,9,4,5,5,5,7,18,2,0,0,0,3,2,500,270,73.5,79.6,Michael Oliver,England,4,2,1,0
WC2014_101,2014,Brazil,2014-07-09,Group Stage,G,37,Brazil,Chile,CONMEBOL,CONMEBOL,5,11,1,0,False,,,False,,,Win,Arena Pernambuco,Arena Pernambuco,55932,22.5,Overcast,43.1,56.9,11,7,1,1,4,5,12,11,0,2,0,0,1,2,344,494,86.1,80.5,Wilmar Roldan,Colombia,1,1,0,0
WC2014_102,2014,Brazil,2014-07-10,Group Stage,G,38,Chile,Germany,CONMEBOL,UEFA,13,0,1,1,False,,,False,,,Draw,Arena Castelão,Arena Castelão,63731,27.5,Light Rain,57.0,43.0,13,6,4,2,3,4,17,12,1,2,0,1,2,0,371,387,73.2,72.4,Damir Skomina,Slovenia,2,0,1,0
WC2014_103,2014,Brazil,2014-07-11,Group Stage,G,39,Nigeria,Brazil,CAF,CONMEBOL,24,6,0,2,False,,,False,,,Loss,Arena de São Paulo,Arena de São Paulo,57851,27.1,Light Rain,61.0,39.0,3,9,5,6,3,6,12,8,3,2,0,0,1,4,489,270,69.4,89.7,Ravshan Irmatov,Uzbekistan,2,2,0,0
WC2014_104,2014,Brazil,2014-07-12,Group Stage,G,40,Germany,Nigeria,UEFA,CAF,0,18,1,0,False,,,False,,,Win,Arena Pantanal,Arena Pantanal,62101,26.5,Light Rain,50.7,49.3,7,9,2,4,6,9,17,11,1,4,0,0,2,3,397,470,76.3,95.0,Howard Webb,England,1,1,0,0
WC2014_105,2014,Brazil,2014-07-12,Group Stage,G,41,Chile,Germany,CONMEBOL,UEFA,11,0,0,2,False,,,False,,,Loss,Estádio Nacional Mané Garrincha,Estádio Nacional Mané Garrincha,61543,28.5,Windy,55.0,45.0,9,14,2,4,4,6,8,12,1,1,0,0,3,2,411,354,85.1,90.9,Abdulrahman Al-Jassim,Qatar,2,2,0,0
WC2014_106,2014,Brazil,2014-07-13,Group Stage,G,42,Chile,Brazil,CONMEBOL,CONMEBOL,12,0,2,3,False,,,False,,,Loss,Arena Pantanal,Arena Pantanal,61760,31.7,Clear,63.2,36.8,13,16,3,5,4,5,9,10,2,0,0,0,0,1,463,251,82.1,83.8,Cesar Ramos,Mexico,5,1,1,0
WC2014_107,2014,Brazil,2014-07-14,Group Stage,H,43,Croatia,Tunisia,UEFA,CAF,8,42,3,0,False,,,False,,,Win,Estádio Nacional Mané Garrincha,Estádio Nacional Mané Garrincha,76273,30.2,Humid,49.3,50.7,13,2,7,2,6,4,9,8,5,0,0,1,1,3,458,381,86.4,88.2,Cesar Ramos,Mexico,3,3,0,0
WC2014_108,2014,Brazil,2014-07-15,Group Stage,H,44,Tunisia,Ivory Coast,CAF,CAF,42,35,2,2,False,,,False,,,Draw,Arena de Baixada,Arena de Baixada,67515,28.6,Light Rain,45.0,55.0,19,7,4,6,5,5,11,8,0,3,0,0,2,0,347,370,83.3,74.7,Carlos Velasco Carballo,Spain,4,0,1,0
WC2014_109,2014,Brazil,2014-07-15,Group Stage,H,45,Ivory Coast,Serbia,CAF,UEFA,40,30,1,2,False,,,False,,,Loss,Arena Pernambuco,Arena Pernambuco,55791,23.7,Hot & Sunny,46.7,53.3,12,13,8,2,4,5,11,13,0,1,0,0,1,1,376,339,75.6,67.1,Cesar Ramos,Mexico,3,1,1,0
WC2014_110,2014,Brazil,2014-07-16,Group Stage,H,46,Ivory Coast,Croatia,CAF,UEFA,40,12,0,2,False,,,False,,,Loss,Arena Pantanal,Arena Pantanal,68059,25.0,Partly Cloudy,64.4,35.6,9,10,3,7,4,7,7,19,1,2,0,0,3,1,413,287,85.3,78.6,Clement Turpin,France,2,2,0,0
WC2014_111,2014,Brazil,2014-07-17,Group Stage,H,47,Serbia,Tunisia,UEFA,CAF,27,40,0,2,False,,,False,,,Loss,Arena de São Paulo,Arena de São Paulo,69165,32.0,Hot & Sunny,43.4,56.6,12,11,2,7,3,3,17,9,4,1,0,0,1,2,345,511,87.8,82.6,Nestor Pitana,Argentina,2,2,0,0
WC2014_112,2014,Brazil,2014-07-18,Group Stage,H,48,Ivory Coast,Serbia,CAF,UEFA,38,31,0,2,False,,,False,,,Loss,Estádio Mineirão,Estádio Mineirão,63422,32.4,Clear,62.8,37.2,4,9,3,5,6,8,11,13,2,3,0,0,1,2,400,271,85.8,85.9,Michael Oliver,England,2,2,0,0
WC2014_113,2014,Brazil,2014-07-18,Round of 16,N/A,49,Mexico,Denmark,CONCACAF,UEFA,13,23,4,1,False,,,False,,,Win,Arena Castelão,Arena Castelão,63182,26.9,Light Rain,41.8,58.2,16,5,8,7,2,8,5,14,0,0,0,0,4,2,338,597,87.6,85.7,Facundo Tello,Argentina,5,3,1,0
WC2014_114,2014,Brazil,2014-07-19,Round of 16,N/A,50,Italy,Australia,UEFA,AFC,12,28,1,0,False,,,False,,,Win,Arena de Baixada,Arena de Baixada,78534,19.0,Windy,44.6,55.4,9,7,5,4,3,5,17,8,1,0,0,0,2,1,434,441,83.8,77.6,Cesar Ramos,Mexico,1,1,0,0
WC2014_115,2014,Brazil,2014-07-20,Round of 16,N/A,51,Brazil,USA,CONMEBOL,CONCACAF,2,14,4,1,False,,,False,,,Win,Arena Pantanal,Arena Pantanal,62998,32.5,Clear,39.7,60.3,15,11,6,3,3,5,16,11,2,1,0,1,3,1,393,552,91.4,82.2,Nicola Rizzoli,Italy,5,3,1,0
WC2014_116,2014,Brazil,2014-07-21,Round of 16,N/A,52,Argentina,Ivory Coast,CONMEBOL,CAF,1,34,1,1,True,1.0,2.0,True,,,Loss,Estádio do Maracanã,Estádio do Maracanã,73906,21.6,Windy,46.0,54.0,11,9,4,5,7,8,10,13,3,0,0,0,3,1,403,409,85.2,71.3,Nicola Rizzoli,Italy,2,0,1,0
WC2014_117,2014,Brazil,2014-07-21,Round of 16,N/A,53,Iran,Ivory Coast,AFC,CAF,28,38,2,0,False,,,False,,,Win,Arena Castelão,Arena Castelão,52573,26.3,Windy,54.9,45.1,16,3,4,4,6,5,10,10,2,3,0,0,2,2,309,376,75.1,83.1,Carlos Velasco Carballo,Spain,2,2,0,0
WC2014_118,2014,Brazil,2014-07-22,Round of 16,N/A,54,Iran,Italy,AFC,UEFA,27,11,2,3,False,,,False,,,Loss,Arena Castelão,Arena Castelão,70793,23.4,Partly Cloudy,54.2,45.8,12,16,4,5,6,6,12,12,1,1,0,0,7,5,444,370,95.0,94.2,Damir Skomina,Slovenia,5,1,1,0
WC2014_119,2014,Brazil,2014-07-23,Round of 16,N/A,55,Croatia,Spain,UEFA,UEFA,11,0,3,2,False,,,False,,,Win,Estádio Beira-Rio,Estádio Beira-Rio,78917,18.1,Partly Cloudy,36.7,63.3,10,8,4,6,8,6,13,18,2,0,0,0,6,1,319,621,81.4,86.5,Felix Brych,Germany,5,1,1,1
WC2014_120,2014,Brazil,2014-07-24,Round of 16,N/A,56,Tunisia,South Africa,CAF,CAF,42,43,1,3,False,,,False,,,Loss,Arena Pernambuco,Arena Pernambuco,63606,35.4,Partly Cloudy,49.8,50.2,8,13,2,6,6,2,14,13,0,2,0,0,1,3,352,464,84.5,69.3,Wilmar Roldan,Colombia,4,2,1,0
WC2014_121,2014,Brazil,2014-07-24,Quarter-final,N/A,57,South Korea,Nigeria,AFC,CAF,16,22,2,1,False,,,False,,,Win,Arena de Baixada,Arena de Baixada,71812,24.7,Clear,39.7,60.3,13,11,7,4,6,9,13,8,2,0,0,0,1,2,447,514,86.0,86.2,Clement Turpin,France,3,1,1,0
WC2014_122,2014,Brazil,2014-07-25,Quarter-final,N/A,58,Iran,Croatia,AFC,UEFA,27,8,1,3,False,,,False,,,Loss,Estádio Beira-Rio,Estádio Beira-Rio,70064,23.1,Hot & Sunny,30.0,70.0,11,17,3,5,4,4,10,11,0,1,0,0,1,2,221,465,77.8,81.8,Danny Makkelie,Netherlands,4,2,1,0
WC2014_123,2014,Brazil,2014-07-26,Quarter-final,N/A,59,Chile,Denmark,CONMEBOL,UEFA,16,23,1,2,False,,,False,,,Loss,Arena de São Paulo,Arena de São Paulo,65212,24.3,Humid,52.8,47.2,8,14,3,4,5,3,11,14,0,4,0,0,2,2,415,313,83.7,94.5,Ravshan Irmatov,Uzbekistan,3,1,1,0
WC2014_124,2014,Brazil,2014-07-27,Quarter-final,N/A,60,Sweden,Argentina,UEFA,CONMEBOL,26,4,1,2,False,,,False,,,Loss,Estádio Beira-Rio,Estádio Beira-Rio,54999,20.6,Windy,46.9,53.1,10,9,3,3,7,6,12,15,0,0,0,0,1,2,358,359,90.2,77.9,Danny Makkelie,Netherlands,3,1,1,0
WC2014_125,2014,Brazil,2014-07-27,Semi-final,N/A,61,South Korea,Brazil,AFC,CONMEBOL,15,3,2,2,True,3.0,2.0,False,,,Win,Arena Pernambuco,Arena Pernambuco,68170,22.8,Humid,49.2,50.8,9,12,6,6,3,4,14,8,2,1,0,0,2,2,428,357,80.4,92.3,Bjorn Kuipers,Netherlands,4,0,1,1
WC2014_126,2014,Brazil,2014-07-28,Semi-final,N/A,62,Germany,Spain,UEFA,UEFA,-1,-2,2,1,False,,,False,,,Win,Arena de São Paulo,Arena de São Paulo,48577,25.8,Humid,52.4,47.6,14,10,4,1,5,4,15,10,4,2,0,0,2,1,442,421,88.2,74.2,Ismail Elfath,USA,3,1,1,1
WC2014_127,2014,Brazil,2014-07-29,Third Place,N/A,63,Netherlands,Brazil,UEFA,CONMEBOL,5,6,1,3,False,,,False,,,Loss,Arena Pantanal,Arena Pantanal,75393,23.4,Clear,40.1,59.9,9,17,7,7,5,1,12,14,2,3,0,0,3,0,319,394,81.1,92.2,Abdulrahman Al-Jassim,Qatar,4,2,1,0
WC2014_128,2014,Brazil,2014-07-30,Final,N/A,64,Germany,Argentina,UEFA,CONMEBOL,-1,1,4,2,False,,,False,,,Win,Arena Pantanal,Arena Pantanal,78711,26.8,Hot & Sunny,46.4,53.6,14,21,5,4,5,9,17,12,1,4,0,0,2,4,349,392,81.0,85.5,Ismail Elfath,USA,6,2,1,0
WC2018_129,2018,Russia,2018-06-14,Group Stage,A,1,Serbia,France,UEFA,UEFA,30,7,2,2,False,,,False,,,Draw,Mordovia Arena,Mordovia,33479,27.2,Hot & Sunny,51.0,49.0,16,13,6,5,5,5,19,14,1,2,0,0,1,3,417,406,80.7,85.2,Wilmar Roldan,Colombia,4,0,1,0
WC2018_130,2018,Russia,2018-06-15,Group Stage,A,2,Serbia,Uruguay,UEFA,CONMEBOL,28,9,2,0,False,,,False,,,Win,Samara Arena,Samara,33555,24.2,Partly Cloudy,35.9,64.1,15,12,3,3,1,4,5,14,4,2,0,1,4,1,333,454,78.8,92.2,Nestor Pitana,Argentina,2,2,0,1
WC2018_131,2018,Russia,2018-06-16,Group Stage,A,3,Cameroon,Uruguay,CAF,CONMEBOL,28,12,1,1,False,,,False,,,Draw,Rostov Arena,Rostov,46275,30.6,Humid,37.4,62.6,7,9,5,6,4,3,9,11,1,1,0,0,3,1,268,287,95.0,76.4,Abdulrahman Al-Jassim,Qatar,2,0,1,0
WC2018_132,2018,Russia,2018-06-17,Group Stage,A,4,France,Serbia,UEFA,UEFA,8,28,2,1,False,,,False,,,Win,Volgograd Arena,Volgograd,50661,24.5,Hot & Sunny,39.7,60.3,14,19,6,5,2,2,22,10,1,1,0,0,0,1,370,376,77.3,95.0,Cüneyt Çakır,Turkey,3,1,1,0
WC2018_133,2018,Russia,2018-06-17,Group Stage,A,5,Uruguay,France,CONMEBOL,UEFA,9,7,1,1,False,,,False,,,Draw,Saint Petersburg Stadium,Saint Petersburg,46172,26.4,Overcast,43.0,57.0,14,13,2,2,5,3,8,19,1,2,1,0,1,3,299,559,85.6,80.2,Nestor Pitana,Argentina,2,0,1,0
WC2018_134,2018,Russia,2018-06-18,Group Stage,A,6,France,Uruguay,UEFA,CONMEBOL,7,11,1,3,False,,,False,,,Loss,Spartak Stadium,Spartak,44110,18.7,Hot & Sunny,37.8,62.2,8,18,7,8,7,5,12,8,2,1,0,0,1,2,326,626,95.0,82.6,Carlos Velasco Carballo,Spain,4,2,1,0
WC2018_135,2018,Russia,2018-06-19,Group Stage,B,7,Argentina,Denmark,CONMEBOL,UEFA,2,23,2,2,False,,,False,,,Draw,Samara Arena,Samara,37946,9.7,Overcast,39.3,60.7,20,11,6,6,4,6,9,15,1,2,0,0,0,1,306,480,66.5,80.6,Howard Webb,England,4,0,1,0
WC2018_136,2018,Russia,2018-06-20,Group Stage,B,8,Spain,Argentina,UEFA,CONMEBOL,3,3,1,1,False,,,False,,,Draw,Ekaterinburg Arena,Ekaterinburg,33008,26.7,Overcast,59.1,40.9,9,9,6,5,8,6,22,20,2,2,0,0,1,5,415,328,79.0,87.7,Howard Webb,England,2,0,1,0
WC2018_137,2018,Russia,2018-06-20,Group Stage,B,9,Spain,Denmark,UEFA,UEFA,-1,20,4,3,False,,,False,,,Win,Spartak Stadium,Spartak,53208,20.7,Partly Cloudy,50.8,49.2,18,16,7,8,5,6,9,16,0,2,0,0,3,2,453,401,86.7,81.7,Danny Makkelie,Netherlands,7,1,1,0
WC2018_138,2018,Russia,2018-06-21,Group Stage,B,10,Germany,Argentina,UEFA,CONMEBOL,1,1,1,0,False,,,False,,,Win,Ekaterinburg Arena,Ekaterinburg,48536,18.3,Clear,52.6,47.4,12,10,3,2,4,5,11,8,1,1,1,0,4,2,473,380,75.9,93.1,Ravshan Irmatov,Uzbekistan,1,1,0,0
WC2018_139,2018,Russia,2018-06-22,Group Stage,B,11,Denmark,Germany,UEFA,UEFA,23,1,1,2,False,,,False,,,Loss,Rostov Arena,Rostov,39425,14.1,Overcast,56.1,43.9,4,14,1,7,4,8,15,10,0,1,0,0,0,2,421,306,69.8,74.6,Ravshan Irmatov,Uzbekistan,3,1,1,0
WC2018_140,2018,Russia,2018-06-23,Group Stage,B,12,Argentina,Germany,CONMEBOL,UEFA,5,3,3,5,False,,,False,,,Loss,Spartak Stadium,Spartak,40107,17.6,Partly Cloudy,50.0,50.0,16,16,4,8,10,6,11,12,3,0,0,0,0,2,493,292,77.1,80.5,Ravshan Irmatov,Uzbekistan,8,2,1,0
WC2018_141,2018,Russia,2018-06-23,Group Stage,C,13,Nigeria,Portugal,CAF,UEFA,21,4,0,0,False,,,False,,,Draw,Luzhniki Stadium,Luzhniki,38738,10.2,Hot & Sunny,53.3,46.7,6,11,2,0,0,5,10,8,2,1,0,0,1,4,507,427,74.2,73.8,Danny Makkelie,Netherlands,0,0,0,0
WC2018_142,2018,Russia,2018-06-24,Group Stage,C,14,Belgium,Japan,UEFA,AFC,5,18,2,0,False,,,False,,,Win,Luzhniki Stadium,Luzhniki,43975,25.4,Humid,48.9,51.1,14,16,6,2,5,6,18,13,1,4,0,0,4,2,469,378,71.9,86.5,Bjorn Kuipers,Netherlands,2,2,0,0
WC2018_143,2018,Russia,2018-06-25,Group Stage,C,15,Nigeria,Japan,CAF,AFC,23,18,3,1,False,,,False,,,Win,Volgograd Arena,Volgograd,49694,9.4,Windy,51.9,48.1,18,8,9,4,6,7,15,10,2,1,0,0,1,6,397,439,90.1,80.8,Damir Skomina,Slovenia,4,2,1,1
WC2018_144,2018,Russia,2018-06-26,Group Stage,C,16,Japan,Portugal,AFC,UEFA,15,8,0,0,False,,,False,,,Draw,Mordovia Arena,Mordovia,46929,17.8,Overcast,46.9,53.1,9,7,6,3,2,4,11,16,1,1,1,0,0,0,342,477,95.0,83.7,Nestor Pitana,Argentina,0,0,0,0
WC2018_145,2018,Russia,2018-06-26,Group Stage,C,17,Japan,Belgium,AFC,UEFA,14,9,3,3,False,,,False,,,Draw,Ekaterinburg Arena,Ekaterinburg,53136,23.5,Partly Cloudy,53.8,46.2,16,11,4,7,5,7,10,14,3,1,0,0,0,1,390,279,86.9,93.5,Michael Oliver,England,6,0,1,0
WC2018_146,2018,Russia,2018-06-27,Group Stage,C,18,Portugal,Belgium,UEFA,UEFA,6,7,1,0,False,,,False,,,Win,Saint Petersburg Stadium,Saint Petersburg,39069,16.1,Windy,49.6,50.4,11,8,3,3,3,2,15,9,3,2,0,0,3,3,423,478,79.3,92.4,Cüneyt Çakır,Turkey,1,1,0,0
WC2018_147,2018,Russia,2018-06-28,Group Stage,D,19,England,Australia,UEFA,AFC,13,24,1,0,False,,,False,,,Win,Saint Petersburg Stadium,Saint Petersburg,54196,27.4,Humid,35.5,64.5,6,12,2,4,7,7,10,9,0,3,0,0,4,2,285,602,87.4,81.9,Cüneyt Çakır,Turkey,1,1,0,0
WC2018_148,2018,Russia,2018-06-29,Group Stage,D,20,England,South Africa,UEFA,CAF,9,43,0,1,False,,,False,,,Loss,Mordovia Arena,Mordovia,40531,28.9,Overcast,50.3,49.7,11,13,1,6,6,6,6,15,0,1,0,0,4,1,424,360,85.1,87.8,Damir Skomina,Slovenia,1,1,0,0
WC2018_149,2018,Russia,2018-06-29,Group Stage,D,21,England,South Africa,UEFA,CAF,12,42,2,1,False,,,False,,,Win,Samara Arena,Samara,41446,12.8,Windy,58.6,41.4,13,9,5,6,3,1,8,7,3,1,0,0,0,4,549,327,76.4,88.2,Felix Brych,Germany,3,1,1,0
WC2018_150,2018,Russia,2018-06-30,Group Stage,D,22,South Africa,Colombia,CAF,CONMEBOL,41,10,2,2,False,,,False,,,Draw,Samara Arena,Samara,54779,18.6,Light Rain,65.3,34.7,14,12,5,2,3,9,7,10,1,1,0,0,2,2,543,295,73.5,79.8,Carlos Velasco Carballo,Spain,4,0,1,0
WC2018_151,2018,Russia,2018-07-01,Group Stage,D,23,South Africa,Australia,CAF,AFC,40,30,1,3,False,,,False,,,Loss,Mordovia Arena,Mordovia,29795,23.9,Light Rain,59.7,40.3,8,20,3,5,4,5,17,12,2,1,0,0,4,6,569,305,86.8,82.9,Danny Makkelie,Netherlands,4,2,1,0
WC2018_152,2018,Russia,2018-07-02,Group Stage,D,24,Colombia,South Africa,CONMEBOL,CAF,14,38,3,3,False,,,False,,,Draw,Mordovia Arena,Mordovia,28747,24.9,Hot & Sunny,39.3,60.7,15,15,8,5,6,1,23,15,1,1,0,0,0,3,350,499,78.0,88.8,Bjorn Kuipers,Netherlands,6,0,1,0
WC2018_153,2018,Russia,2018-07-02,Group Stage,E,25,Qatar,Netherlands,AFC,UEFA,37,6,2,4,False,,,False,,,Loss,Spartak Stadium,Spartak,57274,29.0,Hot & Sunny,46.1,53.9,14,18,5,7,4,3,13,8,0,1,0,0,2,0,367,409,87.4,74.5,Ravshan Irmatov,Uzbekistan,6,2,1,0
WC2018_154,2018,Russia,2018-07-03,Group Stage,E,26,Qatar,Netherlands,AFC,UEFA,34,5,2,1,False,,,False,,,Win,Fisht Stadium,Fisht,49063,27.3,Humid,55.0,45.0,6,9,3,2,4,6,14,9,4,2,0,0,4,5,419,393,80.8,84.9,Carlos Velasco Carballo,Spain,3,1,1,1
WC2018_155,2018,Russia,2018-07-04,Group Stage,E,27,Qatar,Netherlands,AFC,UEFA,38,9,3,3,False,,,False,,,Draw,Nizhny Novgorod Stadium,Nizhny Novgorod,24985,31.5,Light Rain,58.4,41.6,18,13,6,4,7,7,12,9,1,1,0,0,2,2,517,272,95.0,90.3,Nestor Pitana,Argentina,6,0,1,0
WC2018_156,2018,Russia,2018-07-05,Group Stage,E,28,Netherlands,Switzerland,UEFA,UEFA,11,22,3,6,False,,,False,,,Loss,Kazan Arena,Kazan,51871,20.4,Overcast,55.6,44.4,14,22,8,9,5,3,16,11,1,1,0,0,4,4,349,336,90.3,71.0,Bjorn Kuipers,Netherlands,9,3,1,0
WC2018_157,2018,Russia,2018-07-05,Group Stage,E,29,Brazil,Netherlands,CONMEBOL,UEFA,1,6,0,7,False,,,False,,,Loss,Saint Petersburg Stadium,Saint Petersburg,46010,23.9,Hot & Sunny,57.2,42.8,4,19,3,9,4,5,10,20,3,0,0,0,3,2,494,393,78.2,73.2,Michael Oliver,England,7,7,0,0
WC2018_158,2018,Russia,2018-07-06,Group Stage,E,30,Switzerland,Netherlands,UEFA,UEFA,23,5,1,2,False,,,False,,,Loss,Nizhny Novgorod Stadium,Nizhny Novgorod,45520,24.9,Clear,43.0,57.0,12,12,2,6,8,3,10,19,2,2,0,0,0,1,383,485,93.7,76.5,Ravshan Irmatov,Uzbekistan,3,1,1,0
WC2018_159,2018,Russia,2018-07-07,Group Stage,F,31,Croatia,Senegal,UEFA,CAF,9,16,3,2,False,,,False,,,Win,Spartak Stadium,Spartak,39244,15.0,Windy,43.4,56.6,14,8,7,3,6,4,11,8,0,4,1,0,6,2,423,494,70.4,85.3,Damir Skomina,Slovenia,5,1,1,0
WC2018_160,2018,Russia,2018-07-08,Group Stage,F,32,Croatia,Italy,UEFA,UEFA,9,12,1,0,False,,,False,,,Win,Fisht Stadium,Fisht,39782,13.3,Windy,49.6,50.4,15,7,5,1,4,7,10,14,1,0,0,0,3,3,410,543,84.0,90.1,Bjorn Kuipers,Netherlands,1,1,0,0
WC2018_161,2018,Russia,2018-07-08,Group Stage,F,33,Senegal,Poland,CAF,UEFA,16,23,3,3,False,,,False,,,Draw,Rostov Arena,Rostov,53667,7.0,Clear,52.0,48.0,12,11,8,7,1,4,9,17,1,2,0,0,2,1,460,398,91.8,85.0,Danny Makkelie,Netherlands,6,0,1,0
WC2018_162,2018,Russia,2018-07-09,Group Stage,F,34,Poland,Senegal,UEFA,CAF,22,20,0,2,False,,,False,,,Loss,Nizhny Novgorod Stadium,Nizhny Novgorod,24062,23.6,Overcast,54.7,45.3,7,13,2,6,3,6,14,11,1,5,0,0,4,1,441,329,75.6,86.9,Danny Makkelie,Netherlands,2,2,0,0
WC2018_163,2018,Russia,2018-07-10,Group Stage,F,35,Poland,Croatia,UEFA,UEFA,24,9,1,1,False,,,False,,,Draw,Mordovia Arena,Mordovia,34152,23.1,Clear,38.0,62.0,13,13,4,5,2,3,7,6,2,2,0,0,1,1,292,476,86.3,95.0,Nicola Rizzoli,Italy,2,0,1,0
WC2018_164,2018,Russia,2018-07-11,Group Stage,F,36,Poland,Senegal,UEFA,CAF,27,19,4,1,False,,,False,,,Win,Mordovia Arena,Mordovia,33164,11.9,Overcast,38.5,61.5,15,13,6,5,3,1,12,11,4,0,0,0,1,5,333,510,79.2,77.9,Facundo Tello,Argentina,5,3,1,1
WC2018_165,2018,Russia,2018-07-11,Group Stage,G,37,Chile,Sweden,CONMEBOL,UEFA,13,28,0,1,False,,,False,,,Loss,Volgograd Arena,Volgograd,45556,15.3,Windy,46.1,53.9,6,11,3,3,6,4,15,12,1,1,0,0,3,3,372,488,74.3,77.6,Carlos Velasco Carballo,Spain,1,1,0,0
WC2018_166,2018,Russia,2018-07-12,Group Stage,G,38,Chile,USA,CONMEBOL,CONCACAF,15,14,2,3,False,,,False,,,Loss,Mordovia Arena,Mordovia,30644,25.7,Clear,70.0,30.0,17,14,6,8,7,3,8,10,0,0,0,0,0,2,649,267,77.4,82.6,Wilmar Roldan,Colombia,5,1,1,0
WC2018_167,2018,Russia,2018-07-13,Group Stage,G,39,Mexico,Sweden,CONCACAF,UEFA,15,23,0,3,False,,,False,,,Loss,Volgograd Arena,Volgograd,55485,25.1,Light Rain,45.8,54.2,6,14,0,4,1,4,13,15,1,3,1,0,4,6,359,460,79.4,79.3,Mark Geiger,USA,3,3,0,0
WC2018_168,2018,Russia,2018-07-14,Group Stage,G,40,USA,Chile,CONCACAF,CONMEBOL,17,12,1,1,False,,,False,,,Draw,Volgograd Arena,Volgograd,45413,16.9,Windy,59.9,40.1,14,15,1,5,5,2,12,10,3,1,0,1,4,2,416,302,80.9,79.2,Abdulrahman Al-Jassim,Qatar,2,0,1,0
WC2018_169,2018,Russia,2018-07-14,Group Stage,G,41,Sweden,Chile,UEFA,CONMEBOL,27,15,2,2,False,,,False,,,Draw,Ekaterinburg Arena,Ekaterinburg,39110,17.6,Light Rain,40.1,59.9,12,6,3,4,3,4,10,11,1,1,0,0,3,2,414,536,75.5,82.7,Cüneyt Çakır,Turkey,4,0,1,0
WC2018_170,2018,Russia,2018-07-15,Group Stage,G,42,USA,Mexico,CONCACAF,CONCACAF,13,17,1,1,False,,,False,,,Draw,Fisht Stadium,Fisht,37845,13.7,Overcast,52.1,47.9,9,10,4,4,4,4,9,12,1,2,0,1,1,2,371,415,95.0,75.8,Felix Brych,Germany,2,0,1,0
WC2018_171,2018,Russia,2018-07-16,Group Stage,H,43,South Korea,Morocco,AFC,CAF,16,17,1,1,False,,,False,,,Draw,Spartak Stadium,Spartak,38438,21.4,Hot & Sunny,44.0,56.0,11,4,5,4,4,7,18,10,1,3,0,1,1,1,419,522,87.4,82.5,Cüneyt Çakır,Turkey,2,0,1,0
WC2018_172,2018,Russia,2018-07-17,Group Stage,H,44,South Korea,Morocco,AFC,CAF,16,23,2,2,False,,,False,,,Draw,Rostov Arena,Rostov,41922,14.8,Clear,34.2,65.8,11,13,9,5,5,6,8,10,4,1,0,0,1,1,303,422,85.3,73.9,Bjorn Kuipers,Netherlands,4,0,1,0
WC2018_173,2018,Russia,2018-07-17,Group Stage,H,45,Morocco,Iran,CAF,AFC,18,26,1,2,False,,,False,,,Loss,Saint Petersburg Stadium,Saint Petersburg,50330,26.7,Windy,53.7,46.3,10,10,7,5,5,4,13,10,2,0,0,0,1,0,450,454,69.0,83.6,Facundo Tello,Argentina,3,1,1,0
WC2018_174,2018,Russia,2018-07-18,Group Stage,H,46,South Korea,Morocco,AFC,CAF,18,18,2,1,False,,,False,,,Win,Volgograd Arena,Volgograd,43556,18.5,Windy,58.4,41.6,13,12,5,4,6,7,9,9,0,0,0,0,4,3,484,322,71.1,71.9,Nestor Pitana,Argentina,3,1,1,0
WC2018_175,2018,Russia,2018-07-19,Group Stage,H,47,South Korea,Iran,AFC,AFC,21,29,0,0,False,,,False,,,Draw,Kazan Arena,Kazan,55379,19.5,Humid,54.4,45.6,5,6,2,4,7,10,7,16,1,2,0,1,4,3,416,394,72.4,77.1,Bjorn Kuipers,Netherlands,0,0,0,0
WC2018_176,2018,Russia,2018-07-20,Group Stage,H,48,Morocco,South Korea,CAF,AFC,22,17,2,2,False,,,False,,,Draw,Volgograd Arena,Volgograd,48358,31.5,Light Rain,60.8,39.2,8,17,6,5,4,7,19,15,2,1,0,0,1,2,480,322,78.8,79.6,Cüneyt Çakır,Turkey,4,0,1,0
WC2018_177,2018,Russia,2018-07-20,Round of 16,N/A,49,Uruguay,Spain,CONMEBOL,UEFA,14,-1,0,1,False,,,False,,,Loss,Samara Arena,Samara,53486,20.5,Partly Cloudy,48.1,51.9,8,6,3,2,5,8,13,8,0,0,1,1,6,3,351,413,75.9,81.9,Wilmar Roldan,Colombia,1,1,0,0
WC2018_178,2018,Russia,2018-07-21,Round of 16,N/A,50,Brazil,Colombia,CONMEBOL,CONMEBOL,2,11,1,0,False,,,False,,,Win,Saint Petersburg Stadium,Saint Petersburg,48925,16.9,Clear,55.2,44.8,10,4,4,5,3,4,11,8,7,3,0,0,2,2,342,362,80.2,73.7,Cüneyt Çakır,Turkey,1,1,0,0
WC2018_179,2018,Russia,2018-07-22,Round of 16,N/A,51,South Africa,Poland,CAF,UEFA,40,21,1,2,False,,,False,,,Loss,Spartak Stadium,Spartak,50520,13.5,Humid,48.3,51.7,13,14,8,3,6,3,3,16,1,2,0,0,2,2,357,391,72.8,83.7,Clement Turpin,France,3,1,1,0
WC2018_180,2018,Russia,2018-07-23,Round of 16,N/A,52,Cameroon,Brazil,CAF,CONMEBOL,34,6,1,4,False,,,False,,,Loss,Saint Petersburg Stadium,Saint Petersburg,41091,20.0,Partly Cloudy,52.0,48.0,11,18,3,5,7,4,12,13,0,1,0,0,0,0,341,396,85.5,80.2,Abdulrahman Al-Jassim,Qatar,5,3,1,0
WC2018_181,2018,Russia,2018-07-23,Round of 16,N/A,53,Spain,South Africa,UEFA,CAF,0,43,5,3,False,,,False,,,Win,Volgograd Arena,Volgograd,47524,14.7,Windy,70.0,30.0,19,11,8,8,5,2,16,10,1,2,0,0,2,1,449,229,69.6,83.5,Felix Brych,Germany,8,2,1,0
WC2018_182,2018,Russia,2018-07-24,Round of 16,N/A,54,Belgium,Qatar,UEFA,AFC,6,33,2,0,False,,,False,,,Win,Samara Arena,Samara,26869,15.5,Hot & Sunny,51.9,48.1,9,6,4,3,1,5,9,13,2,2,0,0,3,3,390,400,74.9,79.3,Danny Makkelie,Netherlands,2,2,0,0
WC2018_183,2018,Russia,2018-07-25,Round of 16,N/A,55,Switzerland,Australia,UEFA,AFC,19,29,4,0,False,,,False,,,Win,Rostov Arena,Rostov,44149,17.4,Partly Cloudy,47.8,52.2,17,11,6,1,5,4,6,9,1,2,0,0,4,2,413,397,75.5,80.1,Cüneyt Çakır,Turkey,4,4,0,0
WC2018_184,2018,Russia,2018-07-26,Round of 16,N/A,56,Iran,Switzerland,AFC,UEFA,23,25,4,1,False,,,False,,,Win,Nizhny Novgorod Stadium,Nizhny Novgorod,43307,28.8,Partly Cloudy,51.8,48.2,15,12,8,2,6,7,8,6,0,3,0,0,2,1,451,422,95.0,82.1,Damir Skomina,Slovenia,5,3,1,0
WC2018_185,2018,Russia,2018-07-26,Quarter-final,N/A,57,Portugal,Ivory Coast,UEFA,CAF,9,37,3,0,False,,,False,,,Win,Spartak Stadium,Spartak,42424,22.2,Windy,57.5,42.5,12,5,11,10,4,5,10,10,1,0,0,0,0,1,486,378,82.9,86.7,Nicola Rizzoli,Italy,3,3,0,0
WC2018_186,2018,Russia,2018-07-27,Quarter-final,N/A,58,USA,Nigeria,CONCACAF,CAF,16,24,1,1,True,1.0,1.0,False,,,Draw,Spartak Stadium,Spartak,38158,19.3,Windy,60.8,39.2,12,13,2,6,7,4,11,9,3,3,1,0,0,1,523,302,72.3,84.9,Mark Geiger,USA,2,0,1,0
WC2018_187,2018,Russia,2018-07-28,Quarter-final,N/A,59,Cameroon,Nigeria,CAF,CAF,33,23,0,1,False,,,False,,,Loss,Mordovia Arena,Mordovia,48547,26.3,Humid,47.1,52.9,10,10,3,4,2,7,10,13,2,1,0,0,2,3,319,443,77.6,70.5,Danny Makkelie,Netherlands,1,1,0,0
WC2018_188,2018,Russia,2018-07-29,Quarter-final,N/A,60,South Korea,Sweden,AFC,UEFA,16,28,0,1,False,,,False,,,Loss,Rostov Arena,Rostov,52295,21.0,Humid,61.4,38.6,12,14,4,5,4,6,15,14,0,3,0,1,1,3,363,316,88.2,73.1,Damir Skomina,Slovenia,1,1,0,0
WC2018_189,2018,Russia,2018-07-29,Semi-final,N/A,61,Morocco,Japan,CAF,AFC,22,18,2,3,False,,,False,,,Loss,Samara Arena,Samara,24642,33.4,Windy,57.4,42.6,11,16,3,7,5,4,12,9,1,3,0,0,1,2,593,396,82.1,88.1,Facundo Tello,Argentina,5,1,1,0
WC2018_190,2018,Russia,2018-07-30,Semi-final,N/A,62,Chile,Colombia,CONMEBOL,CONMEBOL,12,14,1,1,True,2.0,2.0,False,,,Draw,Kazan Arena,Kazan,47306,16.5,Humid,50.3,49.7,9,11,5,9,4,5,10,14,0,4,0,0,2,5,359,401,81.4,87.5,Ravshan Irmatov,Uzbekistan,2,0,1,0
WC2018_191,2018,Russia,2018-07-31,Third Place,N/A,63,Belgium,England,UEFA,UEFA,4,12,0,1,False,,,False,,,Loss,Luzhniki Stadium,Luzhniki,48382,17.1,Overcast,37.9,62.1,9,8,4,3,8,8,13,10,4,2,0,1,2,2,295,512,79.7,90.6,Abdulrahman Al-Jassim,Qatar,1,1,0,0
WC2018_192,2018,Russia,2018-08-01,Final,N/A,64,France,Croatia,UEFA,UEFA,2,10,1,0,False,,,False,,,Win,Nizhny Novgorod Stadium,Nizhny Novgorod,32195,21.3,Hot & Sunny,49.1,50.9,14,7,5,1,3,5,13,15,0,0,0,0,5,3,388,376,69.1,78.9,Cesar Ramos,Mexico,1,1,0,0
WC2022_193,2022,Qatar,2022-11-20,Group Stage,A,1,South Africa,Netherlands,CAF,UEFA,38,6,1,3,False,,,False,,,Loss,Ahmad bin Ali Stadium,Ahmad bin Ali,68366,25.4,Hot & Sunny,57.0,43.0,8,14,4,6,6,3,11,19,2,3,0,0,4,3,435,374,80.8,95.0,Danny Makkelie,Netherlands,4,2,1,0
WC2022_194,2022,Qatar,2022-11-21,Group Stage,A,2,Morocco,South Africa,CAF,CAF,19,44,1,1,False,,,False,,,Draw,Al Bayt Stadium,Al Bayt,63765,27.8,Light Rain,57.9,42.1,8,7,4,2,2,2,9,11,1,1,0,0,2,2,444,348,70.0,89.3,Felix Brych,Germany,2,0,1,0
WC2022_195,2022,Qatar,2022-11-22,Group Stage,A,3,South Africa,Netherlands,CAF,UEFA,38,9,1,2,False,,,False,,,Loss,Lusail Stadium,Lusail,61191,30.1,Clear,52.5,47.5,5,20,3,5,5,4,15,7,0,2,0,0,3,2,319,376,84.5,72.8,Danny Makkelie,Netherlands,3,1,1,0
WC2022_196,2022,Qatar,2022-11-23,Group Stage,A,4,Netherlands,Morocco,UEFA,CAF,7,20,1,0,False,,,False,,,Win,Education City Stadium,Education City,58619,30.9,Overcast,45.8,54.2,11,6,11,3,5,5,10,13,3,1,0,0,4,1,320,412,87.9,69.6,Danny Makkelie,Netherlands,1,1,0,0
WC2022_197,2022,Qatar,2022-11-23,Group Stage,A,5,Switzerland,Morocco,UEFA,CAF,23,23,3,2,False,,,False,,,Win,Stadium 974,Stadium 974,46368,23.9,Humid,37.1,62.9,13,10,7,5,6,8,10,10,1,2,1,0,1,1,254,535,81.5,88.1,Carlos Velasco Carballo,Spain,5,1,1,0
WC2022_198,2022,Qatar,2022-11-24,Group Stage,A,6,South Africa,Morocco,CAF,CAF,40,22,0,1,False,,,False,,,Loss,Al Bayt Stadium,Al Bayt,72763,29.6,Humid,61.3,38.7,8,9,2,4,3,0,14,8,2,1,0,0,2,2,372,269,83.0,91.8,Clement Turpin,France,1,1,0,0
WC2022_199,2022,Qatar,2022-11-25,Group Stage,B,7,Colombia,South Korea,CONMEBOL,AFC,10,21,3,0,False,,,False,,,Win,Khalifa International Stadium,Khalifa International,51552,24.9,Humid,55.5,44.5,15,7,6,6,4,3,8,9,4,2,1,0,4,2,474,415,82.1,76.6,Carlos Velasco Carballo,Spain,3,3,0,0
WC2022_200,2022,Qatar,2022-11-26,Group Stage,B,8,Poland,Sweden,UEFA,UEFA,24,24,2,0,False,,,False,,,Win,Al Janoub Stadium,Al Janoub,55416,30.8,Light Rain,53.6,46.4,13,9,3,5,4,3,5,17,2,0,0,0,2,1,426,435,77.6,79.9,Michael Oliver,England,2,2,0,0
WC2022_201,2022,Qatar,2022-11-26,Group Stage,B,9,South Korea,Colombia,AFC,CONMEBOL,19,10,4,0,False,,,False,,,Win,Khalifa International Stadium,Khalifa International,45671,24.1,Overcast,46.4,53.6,20,14,8,5,4,2,12,17,1,1,0,0,4,1,330,436,85.5,86.7,Nestor Pitana,Argentina,4,4,0,1
WC2022_202,2022,Qatar,2022-11-27,Group Stage,B,10,Poland,Sweden,UEFA,UEFA,22,23,1,2,False,,,False,,,Loss,Education City Stadium,Education City,43165,32.5,Humid,42.5,57.5,12,13,3,2,7,2,11,15,2,1,0,0,1,3,392,586,91.3,76.6,Michael Oliver,England,3,1,1,0
WC2022_203,2022,Qatar,2022-11-28,Group Stage,B,11,South Korea,Colombia,AFC,CONMEBOL,17,12,1,2,False,,,False,,,Loss,Al Janoub Stadium,Al Janoub,67719,32.5,Light Rain,48.8,51.2,6,13,3,5,7,1,10,20,1,0,0,0,1,1,469,348,70.9,79.2,Abdulrahman Al-Jassim,Qatar,3,1,1,0
WC2022_204,2022,Qatar,2022-11-29,Group Stage,B,12,South Korea,Sweden,AFC,UEFA,20,23,1,2,False,,,False,,,Loss,Khalifa International Stadium,Khalifa International,50723,31.9,Clear,40.2,59.8,9,7,4,4,6,7,15,12,3,2,0,0,0,3,340,467,73.9,67.6,Cesar Ramos,Mexico,3,1,1,0
WC2022_205,2022,Qatar,2022-11-29,Group Stage,C,13,Germany,Belgium,UEFA,UEFA,4,5,2,3,False,,,False,,,Loss,Al Janoub Stadium,Al Janoub,47594,27.7,Hot & Sunny,49.2,50.8,10,10,4,6,3,5,7,13,1,2,0,0,3,1,392,403,73.9,81.9,Ismail Elfath,USA,5,1,1,0
WC2022_206,2022,Qatar,2022-11-30,Group Stage,C,14,Serbia,Denmark,UEFA,UEFA,29,25,1,1,False,,,False,,,Draw,Al Janoub Stadium,Al Janoub,50427,32.5,Clear,47.4,52.6,11,15,2,6,3,4,13,16,1,1,0,0,2,3,270,361,86.4,78.5,Cesar Ramos,Mexico,2,0,1,0
WC2022_207,2022,Qatar,2022-12-01,Group Stage,C,15,Denmark,Serbia,UEFA,UEFA,23,25,4,0,False,,,False,,,Win,Al Janoub Stadium,Al Janoub,56630,24.8,Windy,56.8,43.2,17,12,7,3,8,5,14,13,3,1,0,0,3,2,385,356,76.4,95.0,Cüneyt Çakır,Turkey,4,4,0,0
WC2022_208,2022,Qatar,2022-12-02,Group Stage,C,16,Germany,Serbia,UEFA,UEFA,5,31,2,3,False,,,False,,,Loss,Ahmad bin Ali Stadium,Ahmad bin Ali,56275,33.8,Hot & Sunny,42.5,57.5,14,16,6,8,7,5,15,10,1,1,0,1,2,2,417,478,83.1,78.3,Ismail Elfath,USA,5,1,1,0
WC2022_209,2022,Qatar,2022-12-02,Group Stage,C,17,Germany,Serbia,UEFA,UEFA,0,29,4,1,False,,,False,,,Win,Al Thumama Stadium,Al Thumama,52319,25.1,Hot & Sunny,51.1,48.9,12,17,5,4,4,3,13,16,3,1,0,0,1,3,438,418,72.7,81.0,Wilmar Roldan,Colombia,5,3,1,0
WC2022_210,2022,Qatar,2022-12-03,Group Stage,C,18,Denmark,Serbia,UEFA,UEFA,25,31,2,0,False,,,False,,,Win,Al Janoub Stadium,Al Janoub,45648,28.0,Windy,38.8,61.2,11,3,5,4,9,2,14,11,2,6,0,0,3,0,296,550,81.7,80.7,Bjorn Kuipers,Netherlands,2,2,0,0
WC2022_211,2022,Qatar,2022-12-04,Group Stage,D,19,Croatia,Uruguay,UEFA,CONMEBOL,8,15,2,2,False,,,False,,,Draw,Al Thumama Stadium,Al Thumama,52771,25.5,Clear,41.3,58.7,17,14,7,4,5,6,14,16,1,1,0,1,2,1,376,452,76.3,87.7,Ismail Elfath,USA,4,0,1,0
WC2022_212,2022,Qatar,2022-12-05,Group Stage,D,20,Portugal,England,UEFA,UEFA,8,10,0,1,False,,,False,,,Loss,Al Thumama Stadium,Al Thumama,62436,32.0,Partly Cloudy,43.1,56.9,8,9,0,3,6,6,7,13,1,2,0,0,3,1,345,486,86.8,82.6,Abdulrahman Al-Jassim,Qatar,1,1,0,0
WC2022_213,2022,Qatar,2022-12-05,Group Stage,D,21,England,Portugal,UEFA,UEFA,7,4,1,1,False,,,False,,,Draw,Al Janoub Stadium,Al Janoub,52015,29.6,Windy,67.4,32.6,8,9,8,5,5,6,8,13,2,5,0,1,3,3,563,191,69.0,87.7,Ismail Elfath,USA,2,0,1,0
WC2022_214,2022,Qatar,2022-12-06,Group Stage,D,22,England,Croatia,UEFA,UEFA,7,10,0,2,False,,,False,,,Loss,Al Janoub Stadium,Al Janoub,53255,30.4,Hot & Sunny,46.2,53.8,5,15,2,5,3,2,13,12,4,0,0,0,2,4,354,460,76.3,74.8,Cüneyt Çakır,Turkey,2,2,0,0
WC2022_215,2022,Qatar,2022-12-07,Group Stage,D,23,Portugal,Uruguay,UEFA,CONMEBOL,7,10,1,5,False,,,False,,,Loss,Al Bayt Stadium,Al Bayt,61851,26.4,Partly Cloudy,35.7,64.3,10,19,4,12,3,11,11,6,1,4,0,0,2,4,310,530,69.9,76.6,Michael Oliver,England,6,4,1,0
WC2022_216,2022,Qatar,2022-12-08,Group Stage,D,24,England,Portugal,UEFA,UEFA,7,8,1,0,False,,,False,,,Win,Education City Stadium,Education City,55553,27.5,Clear,67.4,32.6,10,5,3,2,9,5,11,16,2,0,0,1,1,2,544,293,81.4,83.3,Cesar Ramos,Mexico,1,1,0,0
WC2022_217,2022,Qatar,2022-12-08,Group Stage,E,25,Chile,USA,CONMEBOL,CONCACAF,11,15,2,1,False,,,False,,,Win,Al Bayt Stadium,Al Bayt,58793,26.9,Light Rain,41.3,58.7,11,7,10,3,9,6,11,11,5,1,0,0,2,1,370,418,65.9,79.1,Wilmar Roldan,Colombia,3,1,1,0
WC2022_218,2022,Qatar,2022-12-09,Group Stage,E,26,Nigeria,Chile,CAF,CONMEBOL,20,11,5,1,False,,,False,,,Win,Stadium 974,Stadium 974,54487,33.8,Windy,49.8,50.2,17,8,5,3,3,4,12,10,2,1,0,0,0,3,392,417,84.2,72.0,Wilmar Roldan,Colombia,6,4,1,1
WC2022_219,2022,Qatar,2022-12-10,Group Stage,E,27,Nigeria,USA,CAF,CONCACAF,18,16,4,3,False,,,False,,,Win,Khalifa International Stadium,Khalifa International,49270,31.8,Clear,53.5,46.5,14,14,6,4,1,7,10,12,1,2,0,0,1,5,454,375,76.5,76.1,Carlos Velasco Carballo,Spain,7,1,1,1
WC2022_220,2022,Qatar,2022-12-11,Group Stage,E,28,Nigeria,Chile,CAF,CONMEBOL,23,16,1,3,False,,,False,,,Loss,Al Bayt Stadium,Al Bayt,47311,25.5,Hot & Sunny,67.7,32.3,4,16,2,6,0,5,18,10,0,0,0,0,0,0,529,255,81.0,75.2,Carlos Velasco Carballo,Spain,4,2,1,0
WC2022_221,2022,Qatar,2022-12-11,Group Stage,E,29,Chile,Nigeria,CONMEBOL,CAF,17,20,2,1,False,,,False,,,Win,Stadium 974,Stadium 974,48618,24.9,Clear,53.0,47.0,10,6,3,4,8,4,13,11,0,1,0,0,1,0,536,412,81.2,85.1,Danny Makkelie,Netherlands,3,1,1,0
WC2022_222,2022,Qatar,2022-12-12,Group Stage,E,30,Canada,USA,CONCACAF,CONCACAF,34,16,0,1,False,,,False,,,Loss,Al Janoub Stadium,Al Janoub,58532,30.5,Light Rain,51.7,48.3,9,12,3,4,4,4,7,9,3,0,0,0,2,3,356,363,79.2,93.0,Bjorn Kuipers,Netherlands,1,1,0,0
WC2022_223,2022,Qatar,2022-12-13,Group Stage,F,31,Cameroon,Tunisia,CAF,CAF,32,41,4,1,False,,,False,,,Win,Al Thumama Stadium,Al Thumama,60033,37.9,Light Rain,66.6,33.4,13,9,7,4,3,5,13,9,2,2,0,0,1,3,431,242,86.7,77.8,Carlos Velasco Carballo,Spain,5,3,1,0
WC2022_224,2022,Qatar,2022-12-14,Group Stage,F,32,Tunisia,Spain,CAF,UEFA,40,4,0,0,False,,,False,,,Draw,Stadium 974,Stadium 974,46413,26.3,Humid,54.3,45.7,8,7,3,1,3,7,15,12,2,0,0,0,3,3,450,438,86.8,79.1,Howard Webb,England,0,0,0,0
WC2022_225,2022,Qatar,2022-12-14,Group Stage,F,33,Spain,Tunisia,UEFA,CAF,0,39,0,1,False,,,False,,,Loss,Khalifa International Stadium,Khalifa International,53902,26.8,Humid,45.7,54.3,12,10,2,5,5,3,19,12,1,2,0,1,3,5,332,425,95.0,85.7,Felix Brych,Germany,1,1,0,0
WC2022_226,2022,Qatar,2022-12-15,Group Stage,F,34,Tunisia,Spain,CAF,UEFA,42,4,2,4,False,,,False,,,Loss,Education City Stadium,Education City,56152,27.9,Partly Cloudy,61.7,38.3,12,14,5,7,6,7,15,14,2,0,0,0,1,1,521,285,75.8,86.0,Bjorn Kuipers,Netherlands,6,2,1,0
WC2022_227,2022,Qatar,2022-12-16,Group Stage,F,35,Tunisia,Spain,CAF,UEFA,37,4,0,2,False,,,False,,,Loss,Education City Stadium,Education City,48124,28.3,Clear,46.8,53.2,8,10,6,6,4,5,13,6,3,3,0,0,2,1,421,479,83.2,75.2,Carlos Velasco Carballo,Spain,2,2,0,0
WC2022_228,2022,Qatar,2022-12-17,Group Stage,F,36,Iran,Tunisia,AFC,CAF,26,37,2,2,False,,,False,,,Draw,Lusail Stadium,Lusail,47234,28.9,Light Rain,53.1,46.9,14,13,4,3,2,5,7,15,0,2,1,0,2,3,473,396,79.1,81.1,Ismail Elfath,USA,4,0,1,0
WC2022_229,2022,Qatar,2022-12-17,Group Stage,G,37,Argentina,Australia,CONMEBOL,AFC,1,29,5,1,False,,,False,,,Win,Khalifa International Stadium,Khalifa International,53867,32.0,Clear,52.0,48.0,17,13,5,5,7,4,20,11,1,1,0,0,1,2,448,479,88.0,77.4,Felix Brych,Germany,6,4,1,0
WC2022_230,2022,Qatar,2022-12-18,Group Stage,G,38,Mexico,Argentina,CONCACAF,CONMEBOL,17,7,2,2,False,,,False,,,Draw,Lusail Stadium,Lusail,56059,24.1,Windy,54.9,45.1,7,13,3,6,10,3,13,6,3,1,0,0,3,0,429,392,87.7,83.9,Nestor Pitana,Argentina,4,0,1,0
WC2022_231,2022,Qatar,2022-12-19,Group Stage,G,39,Argentina,Australia,CONMEBOL,AFC,3,30,0,1,False,,,False,,,Loss,Ahmad bin Ali Stadium,Ahmad bin Ali,59885,24.4,Clear,41.2,58.8,13,6,1,3,2,6,11,14,1,1,0,0,1,0,315,431,75.3,92.0,Damir Skomina,Slovenia,1,1,0,0
WC2022_232,2022,Qatar,2022-12-20,Group Stage,G,40,Mexico,Argentina,CONCACAF,CONMEBOL,14,5,0,1,False,,,False,,,Loss,Ahmad bin Ali Stadium,Ahmad bin Ali,50122,32.3,Overcast,42.6,57.4,6,11,5,3,1,6,9,6,3,0,0,0,5,2,389,456,95.0,79.0,Ravshan Irmatov,Uzbekistan,1,1,0,0
WC2022_233,2022,Qatar,2022-12-20,Group Stage,G,41,Mexico,Argentina,CONCACAF,CONMEBOL,17,6,0,1,False,,,False,,,Loss,Al Janoub Stadium,Al Janoub,62887,25.9,Windy,63.5,36.5,10,13,0,4,7,9,14,11,2,3,0,0,0,0,585,307,91.6,84.9,Nestor Pitana,Argentina,1,1,0,0
WC2022_234,2022,Qatar,2022-12-21,Group Stage,G,42,Mexico,Australia,CONCACAF,AFC,17,29,0,3,False,,,False,,,Loss,Al Janoub Stadium,Al Janoub,46989,25.1,Windy,45.1,54.9,10,14,4,6,4,6,10,10,1,0,0,0,3,1,356,384,73.3,91.5,Howard Webb,England,3,3,0,0
WC2022_235,2022,Qatar,2022-12-22,Group Stage,H,43,Japan,Senegal,AFC,CAF,16,16,1,1,False,,,False,,,Draw,Al Thumama Stadium,Al Thumama,46415,30.0,Clear,45.0,55.0,15,9,3,6,9,2,13,7,1,1,0,0,2,1,328,440,90.5,79.5,Nestor Pitana,Argentina,2,0,1,0
WC2022_236,2022,Qatar,2022-12-23,Group Stage,H,44,France,Senegal,UEFA,CAF,2,21,1,2,False,,,False,,,Loss,Lusail Stadium,Lusail,53711,27.7,Partly Cloudy,59.1,40.9,13,17,3,3,4,4,19,10,0,2,1,0,4,5,426,315,75.4,78.5,Facundo Tello,Argentina,3,1,1,0
WC2022_237,2022,Qatar,2022-12-23,Group Stage,H,45,France,Senegal,UEFA,CAF,4,20,2,0,False,,,False,,,Win,Stadium 974,Stadium 974,62196,28.7,Humid,42.7,57.3,11,3,4,4,3,14,11,11,1,1,0,0,2,2,376,403,79.1,75.9,Damir Skomina,Slovenia,2,2,0,0
WC2022_238,2022,Qatar,2022-12-24,Group Stage,H,46,Senegal,France,CAF,UEFA,21,3,0,2,False,,,False,,,Loss,Khalifa International Stadium,Khalifa International,64381,24.0,Light Rain,44.7,55.3,9,14,1,5,8,9,14,9,2,3,0,0,2,2,348,458,82.6,72.3,Nicola Rizzoli,Italy,2,2,0,0
WC2022_239,2022,Qatar,2022-12-25,Group Stage,H,47,France,Brazil,UEFA,CONMEBOL,6,5,2,2,False,,,False,,,Draw,Khalifa International Stadium,Khalifa International,28997,29.4,Humid,51.5,48.5,14,11,5,4,5,5,9,11,2,1,0,0,3,1,466,408,87.7,82.4,Felix Brych,Germany,4,0,1,0
WC2022_240,2022,Qatar,2022-12-26,Group Stage,H,48,Japan,France,AFC,UEFA,16,5,0,2,False,,,False,,,Loss,Al Janoub Stadium,Al Janoub,48768,22.4,Light Rain,44.8,55.2,5,8,2,7,4,6,16,11,2,2,0,0,4,3,337,459,79.5,92.7,Bjorn Kuipers,Netherlands,2,2,0,0
WC2022_241,2022,Qatar,2022-12-26,Round of 16,N/A,49,South Africa,Netherlands,CAF,UEFA,38,10,1,0,False,,,False,,,Win,Stadium 974,Stadium 974,42620,30.6,Light Rain,53.5,46.5,12,5,3,6,2,5,7,20,1,1,0,0,0,3,422,411,79.4,95.0,Cüneyt Çakır,Turkey,1,1,0,1
WC2022_242,2022,Qatar,2022-12-27,Round of 16,N/A,50,South Korea,USA,AFC,CONCACAF,15,19,0,1,False,,,False,,,Loss,Al Bayt Stadium,Al Bayt,50368,31.3,Clear,48.8,51.2,4,6,4,1,5,4,8,18,0,1,0,0,3,2,523,388,69.6,69.8,Michael Oliver,England,1,1,0,0
WC2022_243,2022,Qatar,2022-12-28,Round of 16,N/A,51,Cameroon,Chile,CAF,CONMEBOL,29,13,1,2,False,,,False,,,Loss,Al Bayt Stadium,Al Bayt,62032,29.1,Partly Cloudy,62.3,37.7,7,12,5,4,4,4,12,11,1,1,0,0,4,2,471,291,77.8,71.1,Damir Skomina,Slovenia,3,1,1,0
WC2022_244,2022,Qatar,2022-12-29,Round of 16,N/A,52,Canada,Cameroon,CONCACAF,CAF,39,30,2,3,False,,,False,,,Loss,Education City Stadium,Education City,53783,28.5,Light Rain,57.1,42.9,5,14,5,4,0,9,15,9,2,2,0,0,0,4,437,378,85.1,87.4,Howard Webb,England,5,1,1,0
WC2022_245,2022,Qatar,2022-12-29,Round of 16,N/A,53,Nigeria,Portugal,CAF,UEFA,24,5,2,2,True,2.0,2.0,False,,,Draw,Al Bayt Stadium,Al Bayt,50735,25.4,Windy,49.7,50.3,12,9,5,7,5,3,20,15,0,6,0,0,2,2,360,469,86.9,78.4,Abdulrahman Al-Jassim,Qatar,4,0,1,0
WC2022_246,2022,Qatar,2022-12-30,Round of 16,N/A,54,Colombia,Senegal,CONMEBOL,CAF,13,17,0,3,False,,,False,,,Loss,Ahmad bin Ali Stadium,Ahmad bin Ali,45246,20.6,Light Rain,47.6,52.4,12,17,3,7,6,3,11,12,3,0,1,0,2,3,292,401,85.1,83.7,Howard Webb,England,3,3,0,0
WC2022_247,2022,Qatar,2022-12-31,Round of 16,N/A,55,Senegal,Japan,CAF,AFC,20,15,4,4,True,5.0,4.0,True,,,Win,Khalifa International Stadium,Khalifa International,57408,25.9,Light Rain,41.9,58.1,16,18,7,5,4,7,11,12,0,1,0,1,2,1,408,488,84.6,77.0,Facundo Tello,Argentina,8,0,1,1
WC2022_248,2022,Qatar,2023-01-01,Round of 16,N/A,56,Argentina,Tunisia,CONMEBOL,CAF,6,36,1,0,False,,,False,,,Win,Education City Stadium,Education City,55914,27.1,Light Rain,57.7,42.3,10,5,5,3,6,5,15,8,3,1,0,1,1,3,478,284,75.6,69.2,Felix Brych,Germany,1,1,0,0
WC2022_249,2022,Qatar,2023-01-01,Quarter-final,N/A,57,Cameroon,Iran,CAF,AFC,29,23,1,3,False,,,False,,,Loss,Education City Stadium,Education City,49706,29.6,Partly Cloudy,49.8,50.2,8,14,7,5,2,13,12,13,1,1,0,0,2,5,357,461,88.7,89.2,Wilmar Roldan,Colombia,4,2,1,0
WC2022_250,2022,Qatar,2023-01-02,Quarter-final,N/A,58,France,Netherlands,UEFA,UEFA,6,9,1,4,False,,,False,,,Loss,Al Bayt Stadium,Al Bayt,44958,33.1,Clear,54.5,45.5,9,17,1,8,3,5,12,9,1,0,0,0,2,2,397,330,87.2,81.2,Nicola Rizzoli,Italy,5,3,1,0
WC2022_251,2022,Qatar,2023-01-03,Quarter-final,N/A,59,Italy,Switzerland,UEFA,UEFA,10,24,2,2,True,3.0,2.0,False,,,Win,Al Thumama Stadium,Al Thumama,42428,26.4,Humid,48.2,51.8,16,6,9,5,4,4,11,13,0,0,0,0,3,2,417,355,84.2,86.7,Ismail Elfath,USA,4,0,1,0
WC2022_252,2022,Qatar,2023-01-04,Quarter-final,N/A,60,Switzerland,Chile,UEFA,CONMEBOL,25,16,0,0,True,1.0,1.0,False,,,Draw,Education City Stadium,Education City,44313,27.7,Hot & Sunny,50.2,49.8,9,12,1,4,2,5,11,13,3,1,0,0,0,0,352,430,82.5,77.2,Howard Webb,England,0,0,0,0
WC2022_253,2022,Qatar,2023-01-04,Semi-final,N/A,61,Colombia,Portugal,CONMEBOL,UEFA,13,3,1,4,False,,,False,,,Loss,Stadium 974,Stadium 974,50954,31.6,Windy,59.0,41.0,13,12,2,9,3,8,9,18,2,2,0,0,2,2,575,301,79.4,82.2,Ismail Elfath,USA,5,3,1,0
WC2022_254,2022,Qatar,2023-01-05,Semi-final,N/A,62,Switzerland,Brazil,UEFA,CONMEBOL,23,1,1,2,False,,,False,,,Loss,Al Janoub Stadium,Al Janoub,68074,28.7,Overcast,50.5,49.5,11,12,5,8,2,2,9,14,1,1,0,0,4,2,407,409,82.8,77.7,Danny Makkelie,Netherlands,3,1,1,0
WC2022_255,2022,Qatar,2023-01-06,Third Place,N/A,63,Croatia,Morocco,UEFA,CAF,8,21,1,3,False,,,False,,,Loss,Ahmad bin Ali Stadium,Ahmad bin Ali,38756,23.7,Partly Cloudy,56.2,43.8,9,19,4,9,4,7,13,16,0,2,0,0,0,1,451,295,74.3,79.5,Mark Geiger,USA,4,2,1,0
WC2022_256,2022,Qatar,2023-01-07,Final,N/A,64,Argentina,France,CONMEBOL,UEFA,7,5,1,1,True,2.0,1.0,False,,,Win,Education City Stadium,Education City,62893,34.1,Clear,54.9,45.1,5,9,2,6,3,10,16,9,2,1,0,0,2,2,455,334,77.1,80.4,Ismail Elfath,USA,2,0,1,1
